Workbook

Sheet Tổng quan
A1: BUỔI NCKT — VÒNG LÃI SUẤT TOÀN CẦU
A2: Kế hoạch tổ chức & phân công · Phòng Quản lý rủi ro · Nguồn nền: M-Research Mkt Outlook 2H.2026 (25/08/2026)
A4: NGÀY HỌP (nhập vào ô B4) | B4: 46310 | C4: ← ô vàng: sửa được
A6: Hạng mục | B6: Nội dung
A7: Câu hỏi xuyên suốt | B7: Thế giới đã quay đầu sang chu kỳ thắt chặt chưa, và điều đó ép Việt Nam ở đâu?
A8: Format mọi phần | B8: Sự kiện / kết quả → Hệ quả. Không tường thuật dài.
A9: Trần nghiên cứu | B9: 3 giờ/người (trần, không phải định mức)
A10: Số người trình bày | B10: 7
A11: Tổng thời lượng buổi | B11: ≈ 67 phút
A12: Điều phối | B12: Jak (kiêm trình bày phần A2)
A13: Ghi chép | B13: Không cần — dùng record + Copilot của Teams
A16: CẤU TRÚC BUỔI
A17: Phần | B17: Nội dung | C17: Số người | D17: Thời lượng (phút)
A18: Mở đầu | B18: Dự đoán bỏ túi — ghi 4 con số dự báo cuối 2026 vào chat Teams | C18: 7 | D18: 2
A19: Cập nhật chung | B19: KT quốc tế / KT trong nước / TT tài chính–tiền tệ | C19: 3 | D19: 15
A20: Case thực tế | B20: Vòng lãi suất toàn cầu — 4 góc nhìn | C20: 4 | D20: 22
A21: Trao đổi cả phòng | B21: Câu hỏi mở + câu hỏi từ sếp + debate | C21: 7 | D21: 23
A22: Chốt buổi | B22: 2–3 điều rút ra + watchlist | C22: 1 | D22: 5
C23: TỔNG | D23: =SUM(D18:D22)
A25: LUẬT NÉ TRÙNG (bắt buộc)
A26: Case ăn chủ đề lãi suất & ngân hàng trung ương, nên:
A27: • Quỳnh (KT quốc tế) KHÔNG nói Fed / ECB / BOJ / lãi suất.
A28: • Hạnh (TT tài chính–tiền tệ) KHÔNG nói lãi suất MM / VNIBOR / TPCP — Phương đã giữ ở phần A4.

Sheet Phân công
A1: PHÂN CÔNG 7 NGƯỜI
A2: Nguyên tắc: giao theo mảng chuyên môn để có lợi thế, nhưng chệch nhẹ một bước để không ai chỉ đọc lại việc hàng ngày.
A4: Người | B4: Mảng hàng ngày | C4: Phần được giao | D4: Câu hỏi phải trả lời | E4: Sản phẩm nộp | F4: Thời lượng (phút) | G4: Hạn nộp nháp
A5: Quỳnh | B5: FXDR | C5: Cập nhật · KT quốc tế | D5: Giá hàng hóa hạ nhiệt từ đỉnh tháng 5 — đây là đảo chiều thật hay chỉ nghỉ giữa hiệp? | E5: 1 slide | F5: 5 | G5: =Timeline!C6
A6: Trang | B6: LR | C6: Cập nhật · KT trong nước | D6: Trong các điểm sáng, cái nào là điểm sáng thật, cái nào chỉ là nền so sánh thấp? | E6: 1 slide | F6: 5 | G6: =Timeline!C6
A7: Hạnh | B7: LR | C7: Cập nhật · TT tài chính–tiền tệ | D7: DN bất động sản phát hành gấp 2,5 lần trong khi ngân hàng giảm 12% — ai đang mua số trái phiếu đó? | E7: 1 slide | F7: 5 | G7: =Timeline!C6
A8: Trà | B8: IRRBB | C8: A1 · Bối cảnh & cơ chế | D8: Đợt vừa rồi những NHTW nào động thái gì, mức bao nhiêu, ngày nào? Lý do HỌ TỰ NÊU là gì? | E8: 1–2 slide (1 bảng) | F8: 7 | G8: =Timeline!C8
A9: Jak | B9: Bond | C9: A2 · Fed giữ hay tăng? | D9: Fed đang kẹp giữa lạm phát và chi phí nợ công. Bên nào đang thắng? | E9: 1 slide (1 chart CME) | F9: 5 | G9: =Timeline!C9
A10: Thảo | B10: FXDR | C10: A3 · Thị trường phản ứng | D10: Giá tài sản phản ứng đúng hay NGƯỢC kỳ vọng? Chỗ nào ngược là chỗ đáng nói nhất. | E10: 1–2 slide (1–2 chart) | F10: 5 | G10: =Timeline!C9
A11: Phương | B11: LR (lâu nhất) | C11: A4 · Góc Việt Nam | D11: Nếu mặt bằng lãi suất USD đứng cao hoặc tăng tiếp, SBV còn dư địa gì? | E11: 1–2 slide | F11: 5 | G11: =Timeline!C9
A13: Ghi chú phân công
A14: Người | B14: Lý do giao
A15: Phương | B15: Nhận A4 — phần khó nhất và là ngòi nổ cho phần thảo luận. Cần người dày kinh nghiệm nhất.
A16: Trà | B16: Chu kỳ lãi suất chính là môn của IRRBB. Mở màn nên phải nộp sớm nhất (xem Timeline).
A17: Jak | B17: Kiêm điều phối. Phần A2 về lợi suất TPCP Mỹ đúng nghề Bond.
A18: Thảo | B18: DXY và dòng vốn thị trường mới nổi là địa hạt FX.
A19: Quỳnh | B19: Hàng hóa và thương mại là đầu vào của FX — quen số, nhưng bị cấm đụng lãi suất.
A20: Trang / Hạnh | B20: Slot cập nhật nhẹ hơn (1 slide), phù hợp để làm quen format trước khi vào case ở kỳ sau.

Sheet Timeline
A1: TIMELINE CHUẨN BỊ
A2: Ngày tự tính từ ô ngày họp ở sheet 'Tổng quan' (B4). Đổi ngày ở đó, cả bảng này cập nhật theo.
A4: Mốc | B4: Lệch | C4: Ngày | D4: Thứ | E4: Việc | F4: Ai | G4: Trạng thái
A5: T-10 | B5: -10 | C5: ='Tổng quan'!$B$4+B5 | D5: =CHOOSE(WEEKDAY(C5),"CN","T2","T3","T4","T5","T6","T7") | E5: Gửi đề bài cho cả phòng, chốt phân công | F5: Jak | G5: Chưa làm
A6: T-7 | B6: -7 | C6: ='Tổng quan'!$B$4+B6 | D6: =CHOOSE(WEEKDAY(C6),"CN","T2","T3","T4","T5","T6","T7") | E6: Nộp 1 dòng 'điểm tôi chọn' | F6: Quỳnh, Trang, Hạnh | G6: Chưa làm
A7: T-6 | B7: -6 | C7: ='Tổng quan'!$B$4+B7 | D7: =CHOOSE(WEEKDAY(C7),"CN","T2","T3","T4","T5","T6","T7") | E7: Gạt trùng, phản hồi chốt điểm | F7: Jak | G7: Chưa làm
A8: T-4 | B8: -4 | C8: ='Tổng quan'!$B$4+B8 | D8: =CHOOSE(WEEKDAY(C8),"CN","T2","T3","T4","T5","T6","T7") | E8: Nộp nháp A1 (bảng NHTW) → chia sẻ ngay cho A2/A3/A4 | F8: Trà | G8: Chưa làm
A9: T-3 | B9: -3 | C9: ='Tổng quan'!$B$4+B9 | D9: =CHOOSE(WEEKDAY(C9),"CN","T2","T3","T4","T5","T6","T7") | E9: Nộp nháp: 3 gạch đầu dòng + chart định dùng | F9: Jak, Thảo, Phương | G9: Chưa làm
A10: T-2 | B10: -2 | C10: ='Tổng quan'!$B$4+B10 | D10: =CHOOSE(WEEKDAY(C10),"CN","T2","T3","T4","T5","T6","T7") | E10: Kiểm dây chuyền A1→A2→A3→A4: có hổng, có trùng không? | F10: Jak | G10: Chưa làm
A11: T-1 | B11: -1 | C11: ='Tổng quan'!$B$4+B11 | D11: =CHOOSE(WEEKDAY(C11),"CN","T2","T3","T4","T5","T6","T7") | E11: Nộp slide cuối · gộp thành 1 file duy nhất | F11: Cả 7 | G11: Chưa làm
A12: T-0 | B12: 0 | C12: ='Tổng quan'!$B$4+B12 | D12: =CHOOSE(WEEKDAY(C12),"CN","T2","T3","T4","T5","T6","T7") | E12: BUỔI HỌP (≈67 phút) | F12: Cả 7 | G12: Chưa làm
A13: T+1 | B13: 1 | C13: ='Tổng quan'!$B$4+B13 | D13: =CHOOSE(WEEKDAY(C13),"CN","T2","T3","T4","T5","T6","T7") | E13: Gửi 2–3 điều rút ra + watchlist (rút từ record Teams) | F13: Jak | G13: Chưa làm
A16: Cột 'Trạng thái' để tự cập nhật: Chưa làm / Đang làm / Xong.
A17: Lưu ý: nếu mốc rơi vào Thứ 7 / Chủ nhật (xem cột Thứ), tự dịch lên ngày làm việc gần nhất trước đó.

Sheet Đề bài chi tiết
A1: ĐỀ BÀI CHI TIẾT TỪNG NGƯỜI
A2: Số liệu neo lấy từ bản M-Research 25/08/2026 — người nhận việc phải tự cập nhật đến sát ngày họp.
A4: Người | B4: Phần | C4: Số liệu neo (bản T8/2026) | D4: Yêu cầu bắt buộc | E4: Cấm / Lưu ý
A5: Quỳnh | B5: Cập nhật · KT quốc tế | C5: Commodity Index +36% YTD · Vàng 4.647 (+38% y/y) · Bạc +79% y/y · Brent 93 (đỉnh 111 hồi T5) · USTR Mục 301 (23/7): VN thuộc nhóm 43 nước chịu mức cao nhất 12,5% | D5: Chọn 1–2 điểm sáng. Mỗi điểm viết đúng 2 dòng: sự kiện/số liệu → hệ quả. Kết bằng 1 câu hỏi mở. | E5: CẤM đụng lãi suất / NHTW.
A6: Trang | B6: Cập nhật · KT trong nước | C6: IIP 7T +11,4% (cao nhất từ 2019) · FDI đăng ký 38 tỷ USD (+58%) · ĐTC 425k tỷ, mới 41,9% KH · CPI 4,19% ave-ytd · Nhập siêu 20,3 tỷ USD (cùng kỳ 2025 XUẤT SIÊU 10,2 tỷ) | D6: Phân biệt điểm sáng thật vs nền so sánh thấp. Gợi ý: FDI đăng ký mới +109,7% một phần do nền thấp — bản T8 tự thừa nhận. | E6: Nêu rõ nguồn cho mỗi con số cập nhật thêm.
A7: Hạnh | B7: Cập nhật · TT tài chính–tiền tệ | C7: TPDN 7T 309k tỷ (+25%), riêng BĐS 102k tỷ = gấp 2,5 lần y/y, TCTD 158k tỷ (-12%) · TD gộp +15,42% ytd vs huy động TT1 chỉ +7,42% · VN-Index thủng 1800 rồi 1700, đáy ~1650, thanh khoản đáy thấp | D7: Trả lời: ai đang hấp thụ lượng TPDN bất động sản đó? | E7: CẤM lãi suất MM / VNIBOR / TPCP (Phương giữ ở A4).
A8: Trà | B8: A1 · Bối cảnh & cơ chế (7 phút) | C8: LSCS bản T8: Fed 3,50–3,75 · ECB 2,40 · BOE 3,75 · RBA 4,35 · BOJ 1,00 | D8: (1) NHTW nào động thái gì, mức bao nhiêu, ngày nào. (2) Lý do HỌ TỰ NÊU — đọc statement, không đoán. Slide: đúng 1 bảng 'trước → sau → lý do nêu ra'. Không cần chart. | E8: Nộp sớm hơn 1 ngày (T-4) vì 3 phần sau dựa vào.
A9: Jak | B9: A2 · Fed giữ hay tăng? (5 phút) | C9: CME (bản T8): giữ T9, +25bp T12 — kiểm xem đã đổi chưa · Lợi suất 30Y Mỹ cao nhất từ 2007 · BTC Mỹ 19/8 tăng gấp đôi quy mô mua lại TPCP · Biên bản FOMC T7: 9/12 giữ, 3 muốn TĂNG | D9: Trả lời: lạm phát hay chi phí nợ công đang thắng? Slide: 1 chart xác suất CME + 1 dòng kết luận. | E9: Kiểm lại tỷ lệ biểu quyết FOMC đã đổi chưa.
A10: Thảo | B10: A3 · Thị trường phản ứng (5 phút) | C10: DXY 98,83 (-2,60% m/m) · lợi suất 10Y các nước lớn · vàng · dòng vốn khỏi thị trường mới nổi | D10: Tìm chỗ giá phản ứng NGƯỢC kỳ vọng — đó là chỗ đáng nói nhất. 1–2 chart. | E10: BẮT BUỘC đánh dấu ngày sự kiện lên chart. Chart không có mốc thời điểm là vô nghĩa.
A11: Phương | B11: A4 · Góc Việt Nam (5 phút) — phần chốt | C11: VNIBOR: ON 3,00 / 1W 4,50 / 1M 7,10 / 3M 7,65 / 6M–1Y 7,85 · CPI base 4,42% vs trần 4,5% · GAP TT1: TD +15,42% vs HĐ +7,42% | D11: Trả lời: SBV còn dư địa gì nếu lãi suất USD đứng cao hoặc tăng tiếp? Giải thích vì sao đường cong dốc đứng bất thường ở đoạn ngắn. | E11: Câu chốt gây tranh luận, nói thẳng trước phòng: SBV đang nới (CV 5386 nới room, dự kiến CDR thay LDR) trong lúc thế giới thắt — ngược dòng được bao lâu?

Sheet Chạy buổi
A1: KỊCH BẢN CHẠY BUỔI
A2: Cột 'Từ phút' tự tính cộng dồn. Đồng hồ đếm ngược để trên màn hình, hết giờ là dừng.
A4: Từ phút | B4: Đến phút | C4: Phút | D4: Ai | E4: Nội dung | F4: Ghi chú
A5: 0 | B5: =A5+C5 | C5: 2 | D5: Cả phòng | E5: Dự đoán bỏ túi — ghi 4 con số vào chat Teams | F5: Jak mở màn
A6: =B5 | B6: =A6+C6 | C6: 5 | D6: Quỳnh | E6: Cập nhật KT quốc tế | F6: 1 slide
A7: =B6 | B7: =A7+C7 | C7: 5 | D7: Trang | E7: Cập nhật KT trong nước | F7: 1 slide
A8: =B7 | B8: =A8+C8 | C8: 5 | D8: Hạnh | E8: Cập nhật TT tài chính–tiền tệ | F8: 1 slide
A9: =B8 | B9: =A9+C9 | C9: 7 | D9: Trà | E9: A1 · Bối cảnh & cơ chế | F9: Nền cho 3 phần sau
A10: =B9 | B10: =A10+C10 | C10: 5 | D10: Jak | E10: A2 · Fed giữ hay tăng?
A11: =B10 | B11: =A11+C11 | C11: 5 | D11: Thảo | E11: A3 · Thị trường phản ứng
A12: =B11 | B12: =A12+C12 | C12: 5 | D12: Phương | E12: A4 · Góc Việt Nam | F12: Phần chốt, nổ ra tranh luận
A13: =B12 | B13: =A13+C13 | C13: 23 | D13: Cả phòng | E13: Trao đổi + câu hỏi sếp + debate | F13: 3 câu mồi dự phòng — xem sheet Điều phối
A14: =B13 | B14: =A14+C14 | C14: 5 | D14: Jak | E14: Chốt 2–3 điều rút ra + watchlist
A15: TỔNG PHÚT | B15: =SUM(C5:C14)

Sheet Dự đoán bỏ túi
A1: DỰ ĐOÁN BỎ TÚI — 2 PHÚT ĐẦU BUỔI
A2: Mỗi người ghi 4 con số dự báo cuối 2026. Lưu lại, KỲ SAU mở ra chấm điểm. Ai đúng nhất được chọn case kỳ sau.
A4: Người | B4: LSCS Fed cuối T12/2026 (%) | C4: CPI 2026 ave-ytd (%) | D4: USDVND 31/12/2026 | E4: VN-Index 31/12/2026 | F4: Ghi chú
A5: (ví dụ) M-Research | B5: 4 | C5: 4.42 | D5: 25850 | F5: KB cơ sở bản T8/2026
A6: Quỳnh
A7: Trang
A8: Hạnh
A9: Trà
A10: Jak
A11: Thảo
A12: Phương
A14: Hàng ví dụ (xám, in nghiêng) là dự báo của M-Research trong bản 25/08/2026 — dùng làm mốc so sánh, không phải để điền.
A15: Ô vàng: mỗi người tự điền. Bỏ trống ô nào không muốn đoán.

Sheet Điều phối
A1: CHECKLIST ĐIỀU PHỐI (Jak)
A2: Sáu cách giữ buổi không nhạt và không căng, xếp theo hiệu quả.
A4: SÁU CÔNG CỤ GIỮ NHỊP
A5: # | B5: Công cụ | C5: Khi nào dùng | D5: Ai phụ trách
A6: 1 | B6: Dự đoán bỏ túi — 4 con số, lưu lại, kỳ sau chấm điểm. Tạo cạnh tranh vui, nối các kỳ với nhau, biến vĩ mô từ 'đọc báo cáo' thành 'tôi có phần trong đó'. | C6: 2 phút đầu buổi | D6: Jak
A7: 2 | B7: Luật '1 chart, 3 dòng' — mỗi slide tối đa 1 biểu đồ + 3 dòng chữ. Ép ngắn là ép hiểu, đồng thời GIẢM áp lực chuẩn bị. | C7: Ghi trong đề bài | D7: Cả 7
A8: 3 | B8: Mục 'Điểm mù' — mỗi người kết bằng đúng 1 câu: 'Điều tôi chưa chắc là...'. Biến việc thừa nhận không biết thành chuẩn mực chứ không phải điểm trừ. Jak làm gương trước. | C8: Cuối mỗi phần | D8: Cả 7
A9: 4 | B9: 'Nếu sếp hỏi' — mỗi người thủ sẵn 1 câu trả lời 15 giây cho câu sếp có thể vặn. Biến nỗi lo bị hỏi thành trò chơi chuẩn bị. | C9: Chuẩn bị trước | D9: Cả 7
A10: 5 | B10: Đồng hồ đếm ngược trên màn hình — hết giờ dừng giữa câu, không sao cả. Nghe khắc nghiệt nhưng thực tế làm NHẸ không khí: ai cũng biết mình sắp xong. | C10: Suốt buổi | D10: Jak
A11: 6 | B11: Xoay vai trò mỗi kỳ — kỳ này làm cập nhật thì kỳ sau vào case. Sau 2 kỳ ai cũng biết cả hai kiểu việc. | C11: Kỳ sau | D11: Jak
A13: BA CÂU HỎI MỒI DỰ PHÒNG (dùng khi phần thảo luận chững lại)
A14: # | B14: Câu hỏi
A15: 1 | B15: 1H tăng trưởng chỉ 8,18%, để đạt mục tiêu ≥10% thì 2H phải đạt 11,9% — ai trong phòng tin con số này?
A16: 2 | B16: Lạm phát KB cơ sở 4,42% vs trần 4,5% — còn dư địa nào để nới tiền tệ nữa không?
A17: 3 | B17: ON 3,00% nhưng 3M 7,65% — đường cong dốc bất thường này nói lên điều gì về thanh khoản hệ thống?
A19: MỘT ĐIỀU NÊN BỎ
A20: Đừng đòi người dưới 3 năm kinh nghiệm đưa 'quan điểm độc lập'. Chỉ đòi 1 quan sát + 1 câu hỏi. Quan điểm sẽ tự đến sau vài kỳ.
A22: CÒN THIẾU — Jak cần chốt trước khi gửi đề bài
A23: # | B23: Nội dung cần chốt | C23: Ảnh hưởng đến | D23: Trạng thái
A24: 1 | B24: Ngày họp cụ thể | C24: Toàn bộ sheet Timeline | D24: Chưa chốt
A25: 2 | B25: Ai có Bloomberg/Refinitiv? Xác suất CME (Jak) và dòng vốn EM (Thảo) cần nguồn | C25: Đề bài Jak, Thảo | D25: Chưa chốt
A26: 3 | B26: Sếp cấp nào dự? Nếu Giám đốc Khối thì A4 cần thêm 1 dòng hàm ý cho bảng cân đối | C26: Đề bài Phương | D26: Chưa chốt
A27: 4 | B27: Có ai ngại nói trước đám đông không? Nếu có, đổi sang slot cập nhật (1 slide, dễ thở) | C27: Sheet Phân công | D27: Chưa chốt
