Workbook

Sheet Tổng quan
A1: NCKT THÁNG 9/2026 — Bài phát biểu Jackson Hole của Kevin Warsh
A2: Ô nền vàng là ô nhập liệu. Mọi mốc thời gian ở sheet Timeline tính tự động từ ngày họp.
A4: Chủ đề | B4: "In Our Time" — Kevin Warsh, Jackson Hole, 28/08/2026
A5: Văn bản nền | B5: 260828_In_Our_Time_BanDich_CoDanY_v2.docx (bản dịch tiếng Việt, 28 đầu mục)
A6: Ngày họp | B6: 46279
A7: Thời lượng | B7: 60–70 phút
A8: Số người trình bày | B8: 7
A9: Điều phối | B9: Jak
A10: Ghi chép | B10: Không cần — Teams record + Copilot
A11: Định dạng mỗi phần | B11: 1–2 slide, ~5 phút
A12: Trần thời gian chuẩn bị | B12: 3 giờ/người (trần, không bắt buộc)
A14: MỤC TIÊU
B15: • Mỗi người nắm và trình bày được một phần của bài phát biểu.
B16: • Rút ra điểm sáng theo format: sự kiện/kết quả → hệ quả.
B17: • Liên hệ tác động tới toàn cầu và Việt Nam/MSB.
B18: • Trả lời các câu hỏi Warsh tự đặt ra trong bài.
A20: LƯU Ý THỜI GIAN
B21: • FOMC họp 15–16/09/2026 và ra dot plot mới. Buổi này đặt ngày 14/09 để phản ứng thị trường với bài Warsh chưa bị cuộc họp đè lên.
B22: • Hệ quả: cửa sổ chuẩn bị chỉ có 11/09 + cuối tuần. Nếu không kịp, dời sang sau 16/09 và đổi phần mở đầu thành "thị trường định giá gì sau Warsh → FOMC 16/09 xác nhận hay bác bỏ".

Sheet Phân công
A1: PHÂN CÔNG 7 NGƯỜI
A2: Cột "Số đoạn"/"Số từ" đếm trực tiếp từ file Word. Đếm đầu mục không phản ánh tải — xem cột Số từ.
A4: STT | B4: Người | C4: Nghiệp vụ | D4: Đầu mục phụ trách | E4: Số đầu mục | F4: Số đoạn | G4: Số từ | H4: Tài liệu ngoài cần đọc | I4: Hạn nộp slide
A5: 1 | B5: Jak | C5: MR – Bond | D5: 0.1; 1.1 – 1.2 | E5: 2 | F5: 6 | G5: 339 | H5: — | I5: =Timeline!C8
A6: 2 | B6: Jak | C6: Điều phối | D6: 1.3 (dẫn thảo luận, không trình bày) | E6: 1 | F6: 4 | G6: 240 | H6: — | I6: =Timeline!C8
A7: 3 | B7: Trà | C7: IRRBB | D7: 2.1 – 2.3 | E7: 3 | F7: 8 | G7: 628 | H7: — | I7: =Timeline!C8
A8: 4 | B8: Quỳnh | C8: MR – FXDR | D8: 2.4 – 2.6 | E8: 3 | F8: 10 | G8: 603 | H8: — | I8: =Timeline!C8
A9: 5 | B9: Phương | C9: LR | D9: 3.1 – 3.6 | E9: 6 | F9: 8 | G9: 639 | H9: — | I9: =Timeline!C8
A10: 6 | B10: Hạnh | C10: LR | D10: 4.1 – 4.3 | E10: 3 | F10: 7 | G10: 404 | H10: — | I10: =Timeline!C8
A11: 7 | B11: Trang | C11: LR | D11: 4.4 – 4.5 | E11: 2 | F11: 6 | G11: 465 | H11: SLOOS tháng 7 — chỉ bảng tóm tắt trang 1 | I11: =Timeline!C8
A12: 8 | B12: Thảo | C12: MR | D12: 4.6 – 4.9 | E12: 4 | F12: 13 | G12: 742 | H12: — | I12: =Timeline!C8
A13: 9 | B13: Jak | C13: Điều phối | D13: 5.1 + chốt buổi | E13: 1 | F13: 1 | G13: 24 | H13: — | I13: =Timeline!C8
A14: 10 | B14: Jak | C14: Điều phối | D14: Overview + phản ứng thị trường sau 28/08 + 4.1 (biên bản FOMC tháng 7) | E14: 1 | F14: 2 | G14: 138 | H14: Biên bản FOMC 28–29/07: mục "Participants' Views", 3 đoạn đầu (~2 trang). Fed funds futures / UST / DXY quanh 28/08 (cần Bloomberg hoặc Refinitiv) | I14: =Timeline!C8
D15: TỔNG | E15: =SUM(E5:E14) | F15: =SUM(F5:F14) | G15: =SUM(G5:G14)
A17: Ghi chú: 5.2 (13 đoạn) là phần đuôi file — lời cảm ơn của Warsh + ghi chú thuật ngữ của người dịch. Không phân công, không trình bày như nội dung bài.
A18: Template gợi ý (không bắt buộc): Ý chính của phần → VN/MSB đang ở đâu → nếu Warsh đúng thì cái gì thay đổi. Phần nào có câu hỏi của Warsh thì trả lời và link theo cùng mạch.

Sheet Đầu mục
A1: DÀN Ý CHI TIẾT — 28 ĐẦU MỤC
A2: Khớp 1:1 với các header trong file 260828_In_Our_Time_BanDich_CoDanY_v2.docx
A4: Mục | B4: Đầu mục | C4: Số đoạn | D4: Số từ | E4: Người
A5: GIỚI THIỆU
A6: 0.1 | B6: Dàn ý tự nêu | C6: 6 | D6: 175 | E6: —
A7: 1) AI
A8: 1.1 | B8: Bối cảnh cũ đã bị đảo ngược và bằng chứng về tiến bộ của AI | C8: 4 | D8: 220 | E8: Jak
A9: 1.2 | B9: Cơ chế kinh tế của AI và vị trí trong tư duy của Fed | C9: 2 | D9: 119 | E9: Jak
A10: 1.3 | B10: Bốn câu hỏi lớn | C10: 4 | D10: 240 | E10: Jak
A11: 1.4 | B11: Tổ chức nghiên cứu và giới hạn của nó | C11: 3 | D11: 121 | E11: —
A12: 2) FORWARD GUIDANCE; CENTRAL BANK AND FINANCIAL MARKET
A13: 2.1 | B13: Tuyên bố đã hành động và nguyên tắc gốc về truyền thông | C13: 2 | D13: 139 | E13: Trà
A14: 2.2 | B14: Lịch sử của công cụ và vai trò đúng trong điều kiện bình thường | C14: 2 | D14: 193 | E14: Trà
A15: 2.3 | B15: Quan hệ hai chiều Fed – thị trường và vị thế của Fed | C15: 4 | D15: 296 | E15: Trà
A16: 2.4 | B16: “Vấn đề căn phòng gương” và ai chịu chi phí | C16: 2 | D16: 179 | E16: Quỳnh
A17: 2.5 | B17: Câu hỏi về hàm phản ứng (reaction function) và lý do từ chối | C17: 3 | D17: 206 | E17: Quỳnh
A18: 2.6 | B18: Hướng đi thay thế | C18: 5 | D18: 218 | E18: Quỳnh
A19: 3) MONETARY POLICY
A20: 3.1 | B20: Nguyên tắc thứ nhất: dữ liệu | C20: 1 | D20: 138 | E20: Phương
A21: 3.2 | B21: Nguyên tắc thứ hai: tổng cung | C21: 1 | D21: 90 | E21: Phương
A22: 3.3 | B22: Nguyên tắc thứ ba: mục tiêu 2% | C22: 1 | D22: 85 | E22: Phương
A23: 3.4 | B23: Nguyên tắc thứ tư: nhiệm vụ kép | C23: 1 | D23: 71 | E23: Phương
A24: 3.5 | B24: Nguyên tắc thứ năm: công cụ | C24: 1 | D24: 56 | E24: Phương
A25: 3.6 | B25: Nguyên tắc thứ sáu: tiền tệ | C25: 3 | D25: 199 | E25: Phương
A26: 4) ASSESSMENT OF ECONOMY BY KEVIN WARSH
A27: 4.1 | B27: Đặt vấn đề và quan điểm nhất trí của FOMC trong biên bản tháng 7 | C27: 2 | D27: 138 | E27: Hạnh
A28: 4.2 | B28: Đánh giá riêng của Warsh | C28: 2 | D28: 63 | E28: Hạnh
A29: 4.3 | B29: Đầu tư vốn, lợi nhuận và cảnh báo về “đạo hàm bậc hai” | C29: 3 | D29: 203 | E29: Hạnh
A30: 4.4 | B30: Điều kiện tín dụng và kết luận về điều kiện tài chính | C30: 3 | D30: 252 | E30: Trang
A31: 4.5 | B31: Tiêu dùng, PDFP và thị trường lao động | C31: 3 | D31: 213 | E31: Trang
A32: 4.6 | B32: Lạm phát: mức độ và xác định xu hướng cơ bản | C32: 3 | D32: 240 | E32: Thảo
A33: 4.7 | B33: Tiền lương và độ rộng giá (phân rã 199 cấu phần) | C33: 3 | D33: 164 | E33: Thảo
A34: 4.8 | B34: Giá hàng hóa và kỳ vọng lạm phát | C34: 4 | D34: 241 | E34: Thảo
A35: 4.9 | B35: Lời nhận trách nhiệm và tiêu chuẩn hành động | C35: 3 | D35: 97 | E35: Thảo
A36: 5) KẾT LUẬN
A37: 5.1 | B37: Cam kết kỷ luật, không cam kết quyết định | C37: 1 | D37: 24 | E37: Jak
A38: 5.2 | B38: Khuôn khổ lịch sử và ý nghĩa của chính sách tiền tệ đúng đắn | C38: 13 | D38: 443 | E38: —
B40: 3.1–3.5 mỗi mục chỉ 1 đoạn: giữ nguyên vì Warsh tự đánh số sáu nguyên tắc, gộp là phá cấu trúc gốc.
B41: 5.2 gồm cả lời cảm ơn của Warsh và ghi chú thuật ngữ của người dịch — phần ghi chú không phải lời Warsh.

Sheet Timeline
A1: TIMELINE
A2: Cột Ngày tính tự động từ ô Tổng quan!B6 (ngày họp).
A4: Mốc | B4: Lệch (ngày) | C4: Ngày | D4: Thứ | E4: Việc
A5: T-3 | B5: -3 | C5: ='Tổng quan'!$B$6+B5 | D5: =CHOOSE(WEEKDAY(C5),"CN","T2","T3","T4","T5","T6","T7") | E5: Jak gửi mail: bối cảnh bài Warsh, phản ứng thị trường sau 28/08, link file Word + bảng phân công
A6: T-3 | B6: -3 | C6: ='Tổng quan'!$B$6+B6 | D6: =CHOOSE(WEEKDAY(C6),"CN","T2","T3","T4","T5","T6","T7") | E6: Mỗi người xác nhận đã nhận phần của mình; nêu ngay nếu thấy phần mình cần tài liệu ngoài
A7: T-2 | B7: -2 | C7: ='Tổng quan'!$B$6+B7 | D7: =CHOOSE(WEEKDAY(C7),"CN","T2","T3","T4","T5","T6","T7") | E7: Đọc phần được giao + tài liệu ngoài (Trang: SLOOS; Jak: biên bản FOMC tháng 7)
A8: T-1 | B8: -1 | C8: ='Tổng quan'!$B$6+B8 | D8: =CHOOSE(WEEKDAY(C8),"CN","T2","T3","T4","T5","T6","T7") | E8: Nộp slide (1–2 slide/người) về Jak
A9: T-1 | B9: -1 | C9: ='Tổng quan'!$B$6+B9 | D9: =CHOOSE(WEEKDAY(C9),"CN","T2","T3","T4","T5","T6","T7") | E9: Jak gộp slide, kiểm thứ tự, gửi lại bản hợp nhất cho cả nhóm
A10: T | B10: 0 | C10: ='Tổng quan'!$B$6+B10 | D10: =CHOOSE(WEEKDAY(C10),"CN","T2","T3","T4","T5","T6","T7") | E10: Buổi NCKT — xem sheet Chạy buổi
A11: T+1 | B11: 1 | C11: ='Tổng quan'!$B$6+B11 | D11: =CHOOSE(WEEKDAY(C11),"CN","T2","T3","T4","T5","T6","T7") | E11: Jak gửi biên bản rút từ Copilot + slide hợp nhất
A13: Cửa sổ chuẩn bị rất hẹp (11/09 + cuối tuần) do phải họp trước FOMC 15–16/09. Nếu không kịp, dời ngày họp ở ô Tổng quan!B6 — toàn bộ mốc trên tự dịch theo.

Sheet Chạy buổi
A1: KỊCH BẢN CHẠY BUỔI
A2: Cột "Từ phút" cộng dồn tự động.
A4: # | B4: Nội dung | C4: Người | D4: Phút | E4: Từ phút
A5: 1 | B5: Overview: bài Warsh là gì, vì sao đáng đọc, phản ứng thị trường sau 28/08 | C5: Jak | D5: 8 | E5: 0
A6: 2 | B6: 0.1 + 1.1 – 1.2 — AI: bối cảnh, bằng chứng, cơ chế, vị trí trong tư duy Fed | C6: Jak | D6: 6 | E6: =E5+D5
A7: 3 | B7: 1.3 — Bốn câu hỏi lớn của Warsh: ném ra cho cả phòng | C7: Jak dẫn | D7: 8 | E7: =E6+D6
A8: 4 | B8: 2.1 – 2.3 — Forward guidance: nguyên tắc, lịch sử, quan hệ Fed – thị trường | C8: Trà | D8: 5 | E8: =E7+D7
A9: 5 | B9: 2.4 – 2.6 — Căn phòng gương, hàm phản ứng, hướng đi thay thế | C9: Quỳnh | D9: 5 | E9: =E8+D8
A10: 6 | B10: 3.1 – 3.6 — Sáu nguyên tắc chính sách tiền tệ | C10: Phương | D10: 6 | E10: =E9+D9
A11: 7 | B11: 4.1 – 4.3 — Quan điểm FOMC tháng 7, đánh giá của Warsh, capex và lợi nhuận | C11: Hạnh | D11: 5 | E11: =E10+D10
A12: 8 | B12: 4.4 – 4.5 — Điều kiện tín dụng, tiêu dùng, PDFP, thị trường lao động | C12: Trang | D12: 6 | E12: =E11+D11
A13: 9 | B13: 4.6 – 4.9 — Lạm phát: mức độ, xu hướng, tiền lương, độ rộng, kỳ vọng | C13: Thảo | D13: 6 | E13: =E12+D12
A14: 10 | B14: 5.1 + chốt: "committed to a discipline, not to a decision" nghĩa là gì với ta | C14: Jak | D14: 5 | E14: =E13+D13
A15: 11 | B15: Trao đổi mở / câu hỏi của sếp | C15: Cả phòng | D15: 10 | E15: =E14+D14
B16: TỔNG | D16: =SUM(D5:D15)
