Workbook

Sheet Cap deal
A1: Deal S | B1: Deal B | C1: Ma TP | D1: Doi tac | E1: Coupon (%) | F1: Menh gia (ty) | G1: Chan thanh toan truoc | H1: Ky han (ngay) | I1: Settlement S | J1: Settlement B | K1: CaptureDate S | L1: CaptureDate B | M1: Gross S (VND) | N1: Gross B (VND) | O1: Lai/lo (VND) | P1: Lai/lo (trieu) | Q1: %/nam | R1: Dau | S1: Nhom | T1: Tach chan | U1: Yield S | V1: Yield B | W1: Dyield (bp) | X1: Folder S | Y1: Folder B
A2: 49944 | B2: 49945 | C2: TD2454043 | D2: CK_SGHN | E2: 2.8 | F2: 250 | G2: Sell (repo) | H2: 1 | I2: 46183 | J2: 46184 | K2: 46181 | L2: 46181 | M2: 180077500000 | N2: 180102500000 | O2: -25000000 | P2: -25 | Q2: -0.050672627 | R2: am | S2: Vay tien | U2: 4.7 | V2: 4.7 | W2: 0 | X2: AFS-DCM | Y2: AFS-DCM
A3: 49946 | B3: 49947 | C3: TD2353151 | D3: CK_SGHN | E3: 4.2 | F3: 150 | G3: Sell (repo) | H3: 1 | I3: 46183 | J3: 46184 | K3: 46181 | L3: 46181 | M3: 156219000000 | N3: 156111000000 | O3: 108000000 | P3: 108 | Q3: 0.25233806 | R3: duong | S3: Cho vay bond | U3: 4 | V3: 4.005 | W3: 0.5 | X3: AFS-DCM | Y3: AFS-DCM
A4: 49948 | B4: 49949 | C4: TD2434024 | D4: CK_SGHN | E4: 2.7 | F4: 100 | G4: Sell (repo) | H4: 1 | I4: 46183 | J4: 46184 | K4: 46181 | L4: 46181 | M4: 100285000000 | N4: 100293000000 | O4: -8000000 | P4: -8 | Q4: -0.029117017 | R4: am | S4: Vay tien | U4: 3 | V4: 3 | W4: 0 | X4: AFS-HUONG | Y4: AFS-HUONG
A5: 49950 | B5: 49951 | C5: TD1429095 | D5: CK_SGHN | E5: 7 | F5: 39 | G5: Sell (repo) | H5: 1 | I5: 46183 | J5: 46184 | K5: 46181 | L5: 46181 | M5: 44404230000 | N5: 44406960000 | O5: -2730000 | P5: -2.73 | Q5: -0.02244043 | R5: am | S5: Vay tien | U5: 3.971 | V5: 3.9725 | W5: 0.15 | X5: AFS-DCM | Y5: AFS-DCM
A6: 49952 | B6: 49953 | C6: TD1429095 | D6: CK_VNDIREC | E6: 7 | F6: 51 | G6: Sell (repo) | H6: 1 | I6: 46183 | J6: 46184 | K6: 46181 | L6: 46181 | M6: 58067070000 | N6: 58073190000 | O6: -6120000 | P6: -6.12 | Q6: -0.038469308 | R6: am | S6: Vay tien | U6: 3.971 | V6: 3.9711 | W6: 0.01 | X6: AFS-DCM | Y6: AFS-DCM
A7: 49954 | B7: 49955 | C7: TD2434026 | D7: CK_VNDIREC | E7: 2.6 | F7: 150 | G7: Sell (repo) | H7: 1 | I7: 46183 | J7: 46184 | K7: 46181 | L7: 46181 | M7: 148171500000 | N7: 148123500000 | O7: 48000000 | P7: 48 | Q7: 0.11824136 | R7: duong | S7: Cho vay bond | U7: 3.02 | V7: 3.0256 | W7: 0.56 | X7: AFS-HUONG | Y7: AFS-HUONG
A8: 49956 | B8: 49957 | C8: TD1646503 | D8: CK_VIETIN | E8: 7.9 | F8: 80 | G8: Sell (repo) | H8: 3 | I8: 46188 | J8: 46191 | K8: 46181 | L8: 46181 | M8: 125485600000 | N8: 125514400000 | O8: -28800000 | P8: -28.8 | Q8: -0.027923523 | R8: am | S8: Vay tien | U8: 4.1079 | V8: 4.1088 | W8: 0.09 | X8: AFS-DCM | Y8: AFS-DCM
A9: 49958 | B9: 49959 | C9: TD2252132 | D9: CK_VIETIN | E9: 2.9 | F9: 201 | G9: Sell (repo) | H9: 3 | I9: 46195 | J9: 46198 | K9: 46181 | L9: 46181 | M9: 160261320000 | N9: 160289460000 | O9: -28140000 | P9: -28.14 | Q9: -0.021363233 | R9: am | S9: Vay tien | U9: 4.305 | V9: 4.306 | W9: 0.1 | X9: AFS-DCM | Y9: AFS-DCM
A10: 49960 | B10: 49961 | C10: TL1545363 | D10: CK_VIETIN | E10: 8 | F10: 20 | G10: Sell (repo) | H10: 3 | I10: 46195 | J10: 46198 | K10: 46181 | L10: 46181 | M10: 31087600000 | N10: 31103200000 | O10: -15600000 | P10: -15.6 | Q10: -0.061053282 | R10: am | S10: Vay tien | U10: 4.1027 | V10: 4.1012 | W10: -0.15 | X10: AFS-DCM | Y10: AFS-DCM
A11: 49962 | B11: 49963 | C11: TD2050035 | D11: CK_VNDIREC | E11: 3.8 | F11: 270 | G11: Sell (repo) | H11: 1 | I11: 46184 | J11: 46185 | K11: 46181 | L11: 46181 | M11: 246912300000 | N11: 246863700000 | O11: 48600000 | P11: 48.6 | Q11: 0.071843323 | R11: duong | S11: Cho vay bond | U11: 4.5 | V11: 4.5022 | W11: 0.22 | X11: AFS-DCM | Y11: AFS-DCM
A12: 49972 | B12: 49973 | C12: TD2434024 | D12: CK_VFS | E12: 2.7 | F12: 100 | G12: Sell (repo) | H12: 3 | I12: 46185 | J12: 46188 | K12: 46182 | L12: 46182 | M12: 100301000000 | N12: 100281000000 | O12: 20000000 | P12: 20 | Q12: 0.02426031 | R12: duong | S12: Cho vay bond | U12: 3 | V12: 3.0064 | W12: 0.64 | X12: AFS-HUONG | Y12: AFS-HUONG
A13: 49974 | B13: 49975 | C13: TD2333117 | D13: CK_VIETCAP | E13: 4.2 | F13: 100 | G13: Sell (repo) | H13: 1 | I13: 46189 | J13: 46190 | K13: 46183 | L13: 46183 | M13: 108897000000 | N13: 108720000000 | O13: 177000000 | P13: 177 | Q13: 0.59326703 | R13: duong | S13: Cho vay bond | U13: 2.96 | V13: 2.99 | W13: 3 | X13: AFS-DCM | Y13: AFS-DCM
... A28: 50006 | B28: 50007 | C28: TD1646503 | D28: CK_VIETIN | E28: 7.9 | F28: 165 | G28: Sell (repo) | H28: 3 | I28: 46196 | J28: 46199 | K28: 46185 | L28: 46185 | M28: 262312050000 | N28: 262363200000 | O28: -51150000 | P28: -51.15 | Q28: -0.023724606 | R28: am | S28: Vay tien | U28: 4 | V28: 4.0011 | W28: 0.11 | X28: AFS-DCM | Y28: AFS-DCM
A29: 50010 | B29: 50009 | C29: TD2237126 | D29: QLQ_BAOVIE | E29: 4.9 | F29: 900 | G29: Buy (reverse repo) | H29: 141 | I29: 46330 | J29: 46189 | K29: 46185 | L29: 46185 | M29: 959445000000 | N29: 944847000000 | O29: 14598000000 | P29: 14598 | Q29: 0.039994993 | R29: duong | S29: Cho vay tien | T29: Co | U29: 4.6776 | V29: 4.65 | W29: -2.76 | X29: AFS-DCM | Y29: AFS-DCM
A30: 50011 | B30: 50009 | C30: TD2237126 | D30: QLQ_BAOVIE | E30: 4.9 | F30: 64 | G30: Buy (reverse repo) | H30: 141 | I30: 46330 | J30: 46189 | K30: 46185 | L30: 46185 | M30: 68227200000 | N30: 67189120000 | O30: 1038080000 | P30: 1038.08 | Q30: 0.039994993 | R30: duong | S30: Cho vay tien | U30: 4.6776 | V30: 4.65 | W30: -2.76 | X30: AFS-DCM | Y30: AFS-DCM
A31: 50011 | B31: 50008 | C31: TD2237126 | D31: QLQ_BAOVIE | E31: 4.9 | F31: 900 | G31: Buy (reverse repo) | H31: 141 | I31: 46330 | J31: 46189 | K31: 46185 | L31: 46185 | M31: 959445000000 | N31: 944847000000 | O31: 14598000000 | P31: 14598 | Q31: 0.039994993 | R31: duong | S31: Cho vay tien | T31: Co | U31: 4.6776 | V31: 4.65 | W31: -2.76 | X31: AFS-DCM | Y31: AFS-DCM
A32: 50012 | B32: 50013 | C32: TD2131012 | D32: CK_SSI | E32: 2.2 | F32: 50 | G32: Sell (repo) | H32: 8 | I32: 46190 | J32: 46198 | K32: 46185 | L32: 46185 | M32: 46565500000 | N32: 46606000000 | O32: -40500000 | P32: -40.5 | Q32: -0.039682007 | R32: am | S32: Vay tien | U32: 4.1 | V32: 4.1002 | W32: 0.02 | X32: AFS-DCM | Y32: AFS-DCM
A33: 50014 | B33: 50015 | C33: TD2434024 | D33: CK_SSI | E33: 2.7 | F33: 100 | G33: Sell (repo) | H33: 8 | I33: 46190 | J33: 46198 | K33: 46185 | L33: 46185 | M33: 99507000000 | N33: 99574000000 | O33: -67000000 | P33: -67 | Q33: -0.030720201 | R33: am | S33: Vay tien | U33: 3.1199 | V33: 3.12 | W33: 0.01 | X33: AFS-DCM | Y33: AFS-DCM
A34: 50016 | B34: 50017 | C34: TD2535028 | D34: CK_SSI | E34: 3.3 | F34: 250 | G34: Sell (repo) | H34: 8 | I34: 46190 | J34: 46198 | K34: 46185 | L34: 46185 | M34: 253607500000 | N34: 253797500000 | O34: -190000000 | P34: -190 | Q34: -0.034181757 | R34: am | S34: Vay tien | U34: 3.48 | V34: 3.4801 | W34: 0.01 | X34: AFS-DCM | Y34: AFS-DCM
A35: 50018 | B35: 50019 | C35: TD2535028 | D35: CK_SSI | E35: 3.3 | F35: 100 | G35: Sell (repo) | H35: 8 | I35: 46190 | J35: 46198 | K35: 46185 | L35: 46185 | M35: 101443000000 | N35: 101519000000 | O35: -76000000 | P35: -76 | Q35: -0.034181757 | R35: am | S35: Vay tien | U35: 3.48 | V35: 3.4801 | W35: 0.01 | X35: AFS-HUY | Y35: AFS-HUONG
A36: 50020 | B36: 50021 | C36: TD2333117 | D36: CK_SSI | E36: 4.2 | F36: 100 | G36: Sell (repo) | H36: 3 | I36: 46195 | J36: 46198 | K36: 46185 | L36: 46185 | M36: 108764000000 | N36: 108786000000 | O36: -22000000 | P36: -22 | Q36: -0.024609859 | R36: am | S36: Vay tien | U36: 2.9899 | V36: 2.9906 | W36: 0.07 | X36: AFS-DCM | Y36: AFS-DCM
A37: 50022 | B37: 50023 | C37: TD2333120 | D37: CK_SSI | E37: 2.4 | F37: 200 | G37: Sell (repo) | H37: 3 | I37: 46195 | J37: 46198 | K37: 46185 | L37: 46185 | M37: 197100000000 | N37: 197148000000 | O37: -48000000 | P37: -48 | Q37: -0.02962963 | R37: am | S37: Vay tien | U37: 3 | V37: 3 | W37: 0 | X37: AFS-DCM | Y37: AFS-DCM
A38: 50035 | B38: 50036 | C38: TD2353151 | D38: CK_THIENVI | E38: 4.2 | F38: 70 | G38: Sell (repo) | H38: 1 | I38: 46191 | J38: 46192 | K38: 46188 | L38: 46188 | M38: 72965200000 | N38: 72972900000 | O38: -7700000 | P38: -7.7 | Q38: -0.038518362 | R38: am | S38: Vay tien | U38: 4 | V38: 4 | W38: 0 | X38: AFS-DCM | Y38: AFS-DCM
A39: 50037 | B39: 50038 | C39: TD2535023 | D39: CK_THIENVI | E39: 2.9 | F39: 150 | G39: Sell (repo) | H39: 1 | I39: 46191 | J39: 46192 | K39: 46188 | L39: 46188 | M39: 144658500000 | N39: 144607500000 | O39: 51000000 | P39: 51 | Q39: 0.12868238 | R39: duong | S39: Cho vay bond | U39: 3.5 | V39: 3.506 | W39: 0.6 | X39: AFS-DCM | Y39: AFS-DCM
A40: 50039 | B40: 50040 | C40: TD1631461 | D40: CK_HDB | E40: 7.6 | F40: 366 | G40: Sell (repo) | H40: 8 | I40: 46195 | J40: 46203 | K40: 46188 | L40: 46188 | M40: 439251240000 | N40: 439210980000 | O40: 40260000 | P40: 40.26 | Q40: 0.0041818038 | R40: duong | S40: Cho vay bond | U40: 3.58 | V40: 3.6028 | W40: 2.28 | X40: AFS-DCM | Y40: AFS-DCM
A41: 50041 | B41: 50042 | C41: TL1545363 | D41: CK_HDB | E41: 8 | F41: 58 | G41: Sell (repo) | H41: 8 | I41: 46195 | J41: 46203 | K41: 46188 | L41: 46188 | M41: 91263000000 | N41: 91225880000 | O41: 37120000 | P41: 37.12 | Q41: 0.018557356 | R41: duong | S41: Cho vay bond | U41: 3.9958 | V41: 4.0069 | W41: 1.11 | X41: AFS-DCM | Y41: AFS-DCM
A42: 50043 | B42: 50044 | C42: TD2535024 | D42: CK_OCBS | E42: 2.9 | F42: 50 | G42: Sell (repo) | H42: 1 | I42: 46190 | J42: 46191 | K42: 46188 | L42: 46188 | M42: 48477500000 | N42: 48482000000 | O42: -4500000 | P42: -4.5 | Q42: -0.033881698 | R42: am | S42: Vay tien | U42: 3.41 | V42: 3.41 | W42: 0 | X42: AFS-HUONG | Y42: AFS-HUONG
A43: 50045 | B43: 50046 | C43: TD2434026 | D43: CK_OCBS | E43: 2.6 | F43: 150 | G43: Sell (repo) | H43: 1 | I43: 46190 | J43: 46191 | K43: 46188 | L43: 46188 | M43: 148042500000 | N43: 147996000000 | O43: 46500000 | P43: 46.5 | Q43: 0.11464613 | R43: duong | S43: Cho vay bond | U43: 3.04 | V43: 3.0456 | W43: 0.56 | X43: AFS-HUONG | Y43: AFS-HUONG
... A46: 50052 | B46: 50051 | C46: TL1535300 | D46: QLQ_BAOVIE | E46: 7.75 | F46: 848 | G46: Buy (reverse repo) | H46: 42 | I46: 46232 | J46: 46190 | K46: 46189 | L46: 46189 | M46: 1115925600000 | N46: 1110812160000 | O46: 5113440000 | P46: 5113.44 | Q46: 0.040005169 | R46: duong | S46: Cho vay tien | U46: 4.4565 | V46: 4.45 | W46: -0.65 | X46: AFS-DCM | Y46: AFS-DCM
A47: 50055 | B47: 50054 | C47: TD2050036 | D47: QLQ_BAOVIE | E47: 3.2 | F47: 250 | G47: Buy (reverse repo) | H47: 111 | I47: 46301 | J47: 46190 | K47: 46189 | L47: 46189 | M47: 201045000000 | N47: 198630000000 | O47: 2415000000 | P47: 2415 | Q47: 0.039979944 | R47: duong | S47: Cho vay tien | T47: Co | U47: 4.8148 | V47: 4.8 | W47: -1.48 | X47: AFS-DCM | Y47: AFS-DCM
A48: 50055 | B48: 50053 | C48: TD2050036 | D48: QLQ_BAOVIE | E48: 3.2 | F48: 270 | G48: Buy (reverse repo) | H48: 111 | I48: 46301 | J48: 46190 | K48: 46189 | L48: 46189 | M48: 217128600000 | N48: 214520400000 | O48: 2608200000 | P48: 2608.2 | Q48: 0.039979944 | R48: duong | S48: Cho vay tien | U48: 4.8148 | V48: 4.8 | W48: -1.48 | X48: AFS-DCM | Y48: AFS-DCM
A49: 50056 | B49: 50053 | C49: TD2050036 | D49: QLQ_BAOVIE | E49: 3.2 | F49: 250 | G49: Buy (reverse repo) | H49: 111 | I49: 46301 | J49: 46190 | K49: 46189 | L49: 46189 | M49: 201045000000 | N49: 198630000000 | O49: 2415000000 | P49: 2415 | Q49: 0.039979944 | R49: duong | S49: Cho vay tien | T49: Co | U49: 4.8148 | V49: 4.8 | W49: -1.48 | X49: AFS-DCM | Y49: AFS-DCM
A50: 50061 | B50: 50058 | C50: TD2237126 | D50: QLQ_BAOVIE | E50: 4.9 | F50: 167 | G50: Buy (reverse repo) | H50: 145 | I50: 46335 | J50: 46190 | K50: 46189 | L50: 46189 | M50: 178128880000 | N50: 175343320000 | O50: 2785560000 | P50: 2785.56 | Q50: 0.039989701 | R50: duong | S50: Cho vay tien | T50: Co | U50: 4.6785 | V50: 4.65 | W50: -2.85 | X50: AFS-DCM | Y50: AFS-DCM
A51: 50061 | B51: 50057 | C51: TD2237126 | D51: QLQ_BAOVIE | E51: 4.9 | F51: 554 | G51: Buy (reverse repo) | H51: 145 | I51: 46335 | J51: 46190 | K51: 46189 | L51: 46189 | M51: 590918560000 | N51: 581677840000 | O51: 9240720000 | P51: 9240.72 | Q51: 0.039989701 | R51: duong | S51: Cho vay tien | U51: 4.6785 | V51: 4.65 | W51: -2.85 | X51: AFS-DCM | Y51: AFS-DCM
A52: 50062 | B52: 50057 | C52: TD2237126 | D52: QLQ_BAOVIE | E52: 4.9 | F52: 167 | G52: Buy (reverse repo) | H52: 145 | I52: 46335 | J52: 46190 | K52: 46189 | L52: 46189 | M52: 178128880000 | N52: 175343320000 | O52: 2785560000 | P52: 2785.56 | Q52: 0.039989701 | R52: duong | S52: Cho vay tien | T52: Co | U52: 4.6785 | V52: 4.65 | W52: -2.85 | X52: AFS-DCM | Y52: AFS-DCM
A53: 50063 | B53: 50060 | C53: TD2141039 | D53: QLQ_BAOVIE | E53: 2.7 | F53: 200 | G53: Buy (reverse repo) | H53: 145 | I53: 46335 | J53: 46190 | K53: 46189 | L53: 46189 | M53: 162294000000 | N53: 159756000000 | O53: 2538000000 | P53: 2538 | Q53: 0.039990727 | R53: duong | S53: Cho vay tien | T53: Co | U53: 4.7221 | V53: 4.7 | W53: -2.21 | X53: AFS-DCM | Y53: AFS-DCM
A54: 50064 | B54: 50060 | C54: TD2141039 | D54: QLQ_BAOVIE | E54: 2.7 | F54: 50 | G54: Buy (reverse repo) | H54: 145 | I54: 46335 | J54: 46190 | K54: 46189 | L54: 46189 | M54: 40573500000 | N54: 39939000000 | O54: 634500000 | P54: 634.5 | Q54: 0.039990727 | R54: duong | S54: Cho vay tien | U54: 4.7221 | V54: 4.7 | W54: -2.21 | X54: AFS-DCM | Y54: AFS-DCM
A55: 50064 | B55: 50059 | C55: TD2141039 | D55: QLQ_BAOVIE | E55: 2.7 | F55: 200 | G55: Buy (reverse repo) | H55: 145 | I55: 46335 | J55: 46190 | K55: 46189 | L55: 46189 | M55: 162294000000 | N55: 159756000000 | O55: 2538000000 | P55: 2538 | Q55: 0.039990727 | R55: duong | S55: Cho vay tien | T55: Co | U55: 4.7221 | V55: 4.7 | W55: -2.21 | X55: AFS-DCM | Y55: AFS-DCM
A56: 50065 | B56: 50066 | C56: TD2434026 | D56: CK_LPBS | E56: 2.6 | F56: 150 | G56: Sell (repo) | H56: 3 | I56: 46192 | J56: 46195 | K56: 46189 | L56: 46189 | M56: 147961500000 | N56: 147939000000 | O56: 22500000 | P56: 22.5 | Q56: 0.018501434 | R56: duong | S56: Cho vay bond | U56: 3.05 | V56: 3.0555 | W56: 0.55 | X56: AFS-HUONG | Y56: AFS-DCM
A57: 50067 | B57: 50068 | C57: TD2535024 | D57: CK_LPBS | E57: 2.9 | F57: 50 | G57: Sell (repo) | H57: 3 | I57: 46192 | J57: 46195 | K57: 46189 | L57: 46189 | M57: 48486500000 | N57: 48469000000 | O57: 17500000 | P57: 17.5 | Q57: 0.043912567 | R57: duong | S57: Cho vay bond | U57: 3.41 | V57: 3.4185 | W57: 0.85 | X57: AFS-HUONG | Y57: AFS-DCM
A58: 50069 | B58: 50070 | C58: TD1646503 | D58: CK_VIETIN | E58: 7.9 | F58: 95 | G58: Sell (repo) | H58: 3 | I58: 46196 | J58: 46199 | K58: 46189 | L58: 46189 | M58: 150984450000 | N58: 150999650000 | O58: -15200000 | P58: -15.2 | Q58: -0.012248502 | R58: am | S58: Vay tien | U58: 4.0025 | V58: 4.0044 | W58: 0.19 | X58: AFS-DCM | Y58: AFS-DCM
A59: 50071 | B59: 50072 | C59: TD1646503 | D59: CK_VIETIN | E59: 7.9 | F59: 95 | G59: Sell (repo) | H59: 3 | I59: 46202 | J59: 46205 | K59: 46189 | L59: 46189 | M59: 151049050000 | N59: 151087050000 | O59: -38000000 | P59: -38 | Q59: -0.030608159 | R59: am | S59: Vay tien | U59: 4.0044 | V59: 4.005 | W59: 0.06 | X59: AFS-DCM | Y59: AFS-DCM
A60: 50073 | B60: 50074 | C60: TL1545363 | D60: CK_VIETIN | E60: 8 | F60: 58 | G60: Sell (repo) | H60: 1 | I60: 46204 | J60: 46205 | K60: 46190 | L60: 46190 | M60: 91235740000 | N60: 91235740000 | O60: 0 | P60: 0 | Q60: 0 | R60: bang 0 | S60: Cho vay bond | U60: 4.0069 | V60: 4.0078 | W60: 0.09 | X60: AFS-DCM | Y60: AFS-DCM
A61: 50075 | B61: 50076 | C61: TD2040031 | D61: CK_SSI | E61: 3.6 | F61: 250 | G61: Sell (repo) | H61: 8 | I61: 46197 | J61: 46205 | K61: 46190 | L61: 46190 | M61: 234855000000 | N61: 235020000000 | O61: -165000000 | P61: -165 | Q61: -0.032054353 | R61: am | S61: Vay tien | U61: 4.3625 | V61: 4.3648 | W61: 0.23 | X61: AFS-DCM | Y61: AFS-DCM
A62: 50078 | B62: 50077 | C62: TD1646503 | D62: CK_SSI | E62: 7.9 | F62: 50 | G62: Sell (repo) | H62: 8 | I62: 46197 | J62: 46205 | K62: 46190 | L62: 46190 | M62: 78578500000 | N62: 78647500000 | O62: -69000000 | P62: -69 | Q62: -0.04006344 | R62: am | S62: Vay tien | U62: 4.1 | V62: 4.1 | W62: 0 | X62: AFS-DCM | Y62: AFS-DCM
A63: 50081 | B63: 50082 | C63: TD2535026 | D63: CK_VNDIREC | E63: 2.9 | F63: 200 | G63: Sell (repo) | H63: 1 | I63: 46196 | J63: 46197 | K63: 46192 | L63: 46192 | M63: 197756000000 | N63: 197734000000 | O63: 22000000 | P63: 22 | Q63: 0.040605595 | R63: duong | S63: Cho vay bond | U63: 3.14 | V63: 3.1425 | W63: 0.25 | X63: AFS-DCM | Y63: AFS-DCM
A64: 50086 | B64: 50083 | C64: TD2434026 | D64: CK_VNDIREC | E64: 2.6 | F64: 150 | G64: Sell (repo) | H64: 1 | I64: 46196 | J64: 46197 | K64: 46192 | L64: 46192 | M64: 148009500000 | N64: 147985500000 | O64: 24000000 | P64: 24 | Q64: 0.05918539 | R64: duong | S64: Cho vay bond | U64: 3.05 | V64: 3.0535 | W64: 0.35 | X64: AFS-DCM | Y64: AFS-DCM
A65: 50088 | B65: 50089 | C65: TD2434024 | D65: CK_VCB | E65: 2.7 | F65: 100 | G65: Sell (repo) | H65: 17 | I65: 46199 | J65: 46216 | K65: 46192 | L65: 46192 | M65: 99582000000 | N65: 99748000000 | O65: -166000000 | P65: -166 | Q65: -0.035790782 | R65: am | S65: Vay tien | U65: 3.12 | V65: 3.1166 | W65: -0.34 | X65: AFS-DCM | Y65: AFS-DCM
A66: 50090 | B66: 50091 | C66: TD2131012 | D66: CK_VCB | E66: 2.2 | F66: 100 | G66: Sell (repo) | H66: 17 | I66: 46199 | J66: 46216 | K66: 46192 | L66: 46192 | M66: 93223000000 | N66: 93398000000 | O66: -175000000 | P66: -175 | Q66: -0.040304999 | R66: am | S66: Vay tien | U66: 4.1 | V66: 4.0999 | W66: -0.01 | X66: AFS-DCM | Y66: AFS-DCM
A67: 50092 | B67: 50093 | C67: TL1545363 | D67: CK_VCB | E67: 8 | F67: 265 | G67: Sell (repo) | H67: 5 | I67: 46198 | J67: 46203 | K67: 46192 | L67: 46192 | M67: 407050600000 | N67: 407246700000 | O67: -196100000 | P67: -196.1 | Q67: -0.035168355 | R67: am | S67: Vay tien | U67: 4.21 | V67: 4.2107 | W67: 0.07 | X67: AFS-DCM | Y67: AFS-DCM
A68: 50094 | B68: 50085 | C68: TD2353151 | D68: CK_VNDIREC | E68: 4.2 | F68: 70 | G68: Sell (repo) | H68: 1 | I68: 46196 | J68: 46197 | K68: 46195 | L68: 46192 | M68: 77868000000 | N68: 77829500000 | O68: 38500000 | P68: 38.5 | Q68: 0.18046566 | R68: duong | S68: Cho vay bond | U68: 3.6 | V68: 3.6036 | W68: 0.36 | X68: AFS-DCM | Y68: AFS-DCM
A69: 50099 | B69: 50100 | C69: TD2535028 | D69: CK_AB | E69: 3.3 | F69: 250 | G69: Sell (repo) | H69: 3 | I69: 46199 | J69: 46202 | K69: 46196 | L69: 46196 | M69: 253822500000 | N69: 253790000000 | O69: 32500000 | P69: 32.5 | Q69: 0.015578472 | R69: duong | S69: Cho vay bond | T69: Co | U69: 3.48 | V69: 3.4854 | W69: 0.54 | X69: AFS-DCM | Y69: AFS-DCM
A70: 50101 | B70: 50102 | C70: TD2353151 | D70: CK_AB | E70: 4.2 | F70: 70 | G70: Sell (repo) | H70: 3 | I70: 46199 | J70: 46202 | K70: 46196 | L70: 46196 | M70: 71651300000 | N70: 71612800000 | O70: 38500000 | P70: 38.5 | Q70: 0.065374483 | R70: duong | S70: Cho vay bond | U70: 4.12 | V70: 4.1255 | W70: 0.55 | X70: AFS-DCM | Y70: AFS-DCM
A71: 50103 | B71: 50100 | C71: TD2535028 | D71: CK_AB | E71: 3.3 | F71: 100 | G71: Sell (repo) | H71: 3 | I71: 46199 | J71: 46202 | K71: 46196 | L71: 46196 | M71: 101529000000 | N71: 101516000000 | O71: 13000000 | P71: 13 | Q71: 0.015578472 | R71: duong | S71: Cho vay bond | T71: Co | U71: 3.48 | V71: 3.4854 | W71: 0.54 | X71: AFS-HUONG | Y71: AFS-DCM
A72: 50104 | B72: 50105 | C72: TD2535023 | D72: CK_BIDV | E72: 2.9 | F72: 200 | G72: Sell (repo) | H72: 32 | I72: 46213 | J72: 46245 | K72: 46196 | L72: 46196 | M72: 190022000000 | N72: 190426000000 | O72: -404000000 | P72: -404 | Q72: -0.024250482 | R72: am | S72: Vay tien | U72: 3.7301 | V72: 3.745 | W72: 1.49 | X72: AFS-DCM | Y72: AFS-DCM
A73: 50106 | B73: 50107 | C73: TD1949206 | D73: CK_BIDV | E73: 5.2 | F73: 375 | G73: Sell (repo) | H73: 32 | I73: 46213 | J73: 46245 | K73: 46196 | L73: 46196 | M73: 427597500000 | N73: 429251250000 | O73: -1653750000 | P73: -1653.75 | Q73: -0.044114117 | R73: am | S73: Vay tien | U73: 4.5 | V73: 4.5 | W73: 0 | X73: AFS-DCM | Y73: AFS-DCM
A74: 50108 | B74: 50109 | C74: TD1636466 | D74: CK_BIDV | E74: 7.7 | F74: 155 | G74: Sell (repo) | H74: 25 | I74: 46216 | J74: 46241 | K74: 46196 | L74: 46196 | M74: 202757050000 | N74: 203501050000 | O74: -744000000 | P74: -744 | Q74: -0.053573476 | R74: am | S74: Vay tien | U74: 4.18 | V74: 4.1674 | W74: -1.26 | X74: AFS-DCM | Y74: AFS-DCM
A75: 50110 | B75: 50111 | C75: TD1833122 | D75: CK_BIDV | E75: 5.2 | F75: 360 | G75: Sell (repo) | H75: 25 | I75: 46216 | J75: 46241 | K75: 46196 | L75: 46196 | M75: 413874000000 | N75: 414734400000 | O75: -860400000 | P75: -860.4 | Q75: -0.030351846 | R75: am | S75: Vay tien | U75: 3.07 | V75: 3.07 | W75: 0 | X75: AFS-DCM | Y75: AFS-DCM
A76: 50127+50128 | B76: 50120 | C76: TD2636023 | D76: PGBV-HO | E76: 4.1 | F76: 600 | G76: Buy (reverse repo) | H76: 4 | I76: 46202 | J76: 46198 | K76: 46197 | L76: 46197 | M76: 592656000000 | N76: 592380000000 | O76: 276000000 | P76: 276 | Q76: 0.04251494 | R76: duong | S76: Cho vay tien | U76: 4.35 | V76: 4.35 | W76: 0 | X76: AFS-DCM | Y76: AFS-DCM
A77: 50146 | B77: 50147 | C77: TD2338137 | D77: CK_SGHN | E77: 2.6 | F77: 50 | G77: Sell (repo) | H77: 2 | I77: 46203 | J77: 46205 | K77: 46199 | L77: 46199 | M77: 49067000000 | N77: 48975000000 | O77: 92000000 | P77: 92 | Q77: 0.34218518 | R77: duong | S77: Cho vay bond | U77: 2.96 | V77: 2.98 | W77: 2 | X77: AFS-DCM | Y77: AFS-DCM
A78: 50148 | B78: 50149 | C78: TD2535023 | D78: CK_SGHN | E78: 2.9 | F78: 150 | G78: Sell (repo) | H78: 2 | I78: 46203 | J78: 46205 | K78: 46199 | L78: 46199 | M78: 144715500000 | N78: 144742500000 | O78: -27000000 | P78: -27 | Q78: -0.034049566 | R78: am | S78: Vay tien | U78: 3.5099 | V78: 3.51 | W78: 0.01 | X78: AFS-DCM | Y78: AFS-DCM
A79: 50150 | B79: 50151 | C79: TD2434026 | D79: CK_SGHN | E79: 2.6 | F79: 134 | G79: Sell (repo) | H79: 2 | I79: 46203 | J79: 46205 | K79: 46199 | L79: 46199 | M79: 132298200000 | N79: 132314280000 | O79: -16080000 | P79: -16.08 | Q79: -0.022181708 | R79: am | S79: Vay tien | U79: 3.05 | V79: 3.0506 | W79: 0.06 | X79: AFS-DCM | Y79: AFS-DCM
A80: 50158 | B80: 50159 | C80: TD2353151 | D80: CAP_FIG | E80: 4.2 | F80: 160 | G80: Sell (repo) | H80: 1 | I80: 46210 | J80: 46211 | K80: 46202 | L80: 46202 | M80: 148756800000 | N80: 151979200000 | O80: -3222400000 | P80: -3222.4 | Q80: -7.9067041 | R80: am | S80: Vay tien | U80: 4.75 | V80: 4.61 | W80: -14 | X80: AFS-DCM | Y80: AFS-DCM
A81: 50160 | B81: 50161 | C81: TD2535023 | D81: CK_BIDV | E81: 2.9 | F81: 150 | G81: Sell (repo) | H81: 21 | I81: 46206 | J81: 46227 | K81: 46204 | L81: 46204 | M81: 144756000000 | N81: 145062000000 | O81: -306000000 | P81: -306 | Q81: -0.03674163 | R81: am | S81: Vay tien | U81: 3.51 | V81: 3.5082 | W81: -0.18 | X81: AFS-DCM | Y81: AFS-DCM
A82: 50162 | B82: 50163 | C82: TD2338137 | D82: CK_BIDV | E82: 2.6 | F82: 50 | G82: Sell (repo) | H82: 21 | I82: 46206 | J82: 46227 | K82: 46204 | L82: 46204 | M82: 48979000000 | N82: 49062000000 | O82: -83000000 | P82: -83 | Q82: -0.029453828 | R82: am | S82: Vay tien | U82: 2.98 | V82: 2.98 | W82: 0 | X82: AFS-DCM | Y82: AFS-DCM
A83: 50164 | B83: 50165 | C83: TD2535028 | D83: CK_BIDV | E83: 3.3 | F83: 11 | G83: Sell (repo) | H83: 21 | I83: 46206 | J83: 46227 | K83: 46204 | L83: 46204 | M83: 11175560000 | N83: 11199210000 | O83: -23650000 | P83: -23.65 | Q83: -0.036782007 | R83: am | S83: Vay tien | U83: 3.48 | V83: 3.478 | W83: -0.2 | X83: AFS-DCM | Y83: AFS-DCM
A84: 50166 | B84: 50167 | C84: TD2040031 | D84: CK_SSI | E84: 3.6 | F84: 700 | G84: Sell (repo) | H84: 8 | I84: 46212 | J84: 46220 | K84: 46210 | L84: 46210 | M84: 665791000000 | N84: 666127000000 | O84: -336000000 | P84: -336 | Q84: -0.023025244 | R84: am | S84: Vay tien | U84: 4.258 | V84: 4.262 | W84: 0.4 | X84: AFS-DCM | Y84: AFS-DCM
A85: 50168 | B85: 50169 | C85: TD2353151 | D85: CK_SSI | E85: 4.2 | F85: 80 | G85: Sell (repo) | H85: 8 | I85: 46212 | J85: 46220 | K85: 46210 | L85: 46210 | M85: 86292000000 | N85: 86483200000 | O85: -191200000 | P85: -191.2 | Q85: -0.1010928 | R85: am | S85: Vay tien | U85: 3.8 | V85: 3.7913 | W85: -0.87 | X85: AFS-DCM | Y85: AFS-DCM
A86: 50172 | B86: 50171 | C86: TL1545363 | D86: QLQ_BAOVIE | E86: 8 | F86: 500 | G86: Buy (reverse repo) | H86: 165 | I86: 46378 | J86: 46213 | K86: 46212 | L86: 46212 | M86: 737110000000 | N86: 724340000000 | O86: 12770000000 | P86: 12770 | Q86: 0.038999348 | R86: duong | S86: Cho vay tien | T86: Co | U86: 4.7831443 | V86: 4.75 | W86: -3.31443 | X86: AFS-DCM | Y86: AFS-DCM
A87: 50173 | B87: 50171 | C87: TL1545363 | D87: QLQ_BAOVIE | E87: 8 | F87: 380 | G87: Buy (reverse repo) | H87: 165 | I87: 46378 | J87: 46213 | K87: 46212 | L87: 46212 | M87: 560203600000 | N87: 550498400000 | O87: 9705200000 | P87: 9705.2 | Q87: 0.038999348 | R87: duong | S87: Cho vay tien | U87: 4.7831443 | V87: 4.75 | W87: -3.31443 | X87: AFS-DCM | Y87: AFS-DCM
A88: 50173 | B88: 50170 | C88: TL1545363 | D88: QLQ_BAOVIE | E88: 8 | F88: 500 | G88: Buy (reverse repo) | H88: 165 | I88: 46378 | J88: 46213 | K88: 46212 | L88: 46212 | M88: 737110000000 | N88: 724340000000 | O88: 12770000000 | P88: 12770 | Q88: 0.038999348 | R88: duong | S88: Cho vay tien | T88: Co | U88: 4.7831443 | V88: 4.75 | W88: -3.31443 | X88: AFS-DCM | Y88: AFS-DCM
A89: 50186 | B89: 50187 | C89: TD2353151 | D89: CAP_FIG | E89: 4.2 | F89: 48 | G89: Sell (repo) | H89: 1 | I89: 46224 | J89: 46225 | K89: 46216 | L89: 46216 | M89: 51015840000 | N89: 51005760000 | O89: 10080000 | P89: 10.08 | Q89: 0.072118777 | R89: duong | S89: Cho vay bond | U89: 3.9 | V89: 3.9019 | W89: 0.19 | X89: AFS-DCM | Y89: AFS-DCM
A90: 50189 | B90: 50190 | C90: TD2232114 | D90: CK_SSI | E90: 4.8 | F90: 200 | G90: Sell (repo) | H90: 13 | I90: 46219 | J90: 46232 | K90: 46217 | L90: 46217 | M90: 228394000000 | N90: 228622000000 | O90: -228000000 | P90: -228 | Q90: -0.028028488 | R90: am | S90: Vay tien | U90: 2.8399 | V90: 2.8399 | W90: 0 | X90: AFS-DCM | Y90: AFS-DCM
A91: 50191 | B91: 50192 | C91: TD2333121 | D91: CK_SSI | E91: 2.3 | F91: 300 | G91: Sell (repo) | H91: 13 | I91: 46219 | J91: 46232 | K91: 46217 | L91: 46217 | M91: 291465000000 | N91: 291777000000 | O91: -312000000 | P91: -312 | Q91: -0.030055067 | R91: am | S91: Vay tien | U91: 3.05 | V91: 3.05 | W91: 0 | X91: AFS-DCM | Y91: AFS-DCM
A92: 50193 | B92: 50194 | C92: TD2434021 | D92: CK_SSI | E92: 2.4 | F92: 100 | G92: Sell (repo) | H92: 13 | I92: 46219 | J92: 46232 | K92: 46217 | L92: 46217 | M92: 94825000000 | N92: 95030000000 | O92: -205000000 | P92: -205 | Q92: -0.060698858 | R92: am | S92: Vay tien | U92: 3.2601 | V92: 3.2452 | W92: -1.49 | X92: AFS-DCM | Y92: AFS-DCM
A93: 50198 | B93: 50199 | C93: TD2252132 | D93: CK_VFS | E93: 2.9 | F93: 62 | G93: Sell (repo) | H93: 1 | I93: 46224 | J93: 46225 | K93: 46220 | L93: 46220 | M93: 48053720000 | N93: 48043800000 | O93: 9920000 | P93: 9.92 | Q93: 0.075349005 | R93: duong | S93: Cho vay bond | U93: 4.5005 | V93: 4.5025 | W93: 0.2 | X93: AFS-DCM | Y93: AFS-DCM
A94: 50202 | B94: 50201 | C94: TL1545363 | D94: QLQ_BAOVIE | E94: 8 | F94: 800 | G94: Buy (reverse repo) | H94: 153 | I94: 46378 | J94: 46225 | K94: 46223 | L94: 46223 | M94: 1173240000000 | N94: 1154368000000 | O94: 18872000000 | P94: 18872 | Q94: 0.039000941 | R94: duong | S94: Cho vay tien | T94: Co | U94: 4.8326 | V94: 4.8 | W94: -3.26 | X94: AFS-DCM | Y94: AFS-DCM
A95: 50203 | B95: 50201 | C95: TL1545363 | D95: QLQ_BAOVIE | E95: 8 | F95: 20 | G95: Buy (reverse repo) | H95: 153 | I95: 46378 | J95: 46225 | K95: 46223 | L95: 46223 | M95: 29331000000 | N95: 28859200000 | O95: 471800000 | P95: 471.8 | Q95: 0.039000941 | R95: duong | S95: Cho vay tien | U95: 4.8326 | V95: 4.8 | W95: -3.26 | X95: AFS-DCM | Y95: AFS-DCM
A96: 50203 | B96: 50200 | C96: TL1545363 | D96: QLQ_BAOVIE | E96: 8 | F96: 800 | G96: Buy (reverse repo) | H96: 153 | I96: 46378 | J96: 46225 | K96: 46223 | L96: 46223 | M96: 1173240000000 | N96: 1154368000000 | O96: 18872000000 | P96: 18872 | Q96: 0.039000941 | R96: duong | S96: Cho vay tien | T96: Co | U96: 4.8326 | V96: 4.8 | W96: -3.26 | X96: AFS-DCM | Y96: AFS-DCM
A97: 50204 | B97: 50205 | C97: TD2454043 | D97: CK_SGHN | E97: 2.8 | F97: 225 | G97: Sell (repo) | H97: 1 | I97: 46225 | J97: 46226 | K97: 46223 | L97: 46223 | M97: 171364500000 | N97: 171333000000 | O97: 31500000 | P97: 31.5 | Q97: 0.067093826 | R97: duong | S97: Cho vay bond | U97: 4.4007 | V97: 4.4025 | W97: 0.18 | X97: AFS-DCM | Y97: AFS-DCM
A98: 50206 | B98: 50207 | C98: TD2353151 | D98: CK_SGHN | E98: 4.2 | F98: 32 | G98: Sell (repo) | H98: 1 | I98: 46225 | J98: 46226 | K98: 46223 | L98: 46223 | M98: 33477440000 | N98: 33467840000 | O98: 9600000 | P98: 9.6 | Q98: 0.1046675 | R98: duong | S98: Cho vay bond | U98: 4 | V98: 4.0025 | W98: 0.25 | X98: AFS-DCM | Y98: AFS-DCM
A99: 50208 | B99: 50209 | C99: TL1535300 | D99: CK_TCBS | E99: 7.75 | F99: 848 | G99: Sell (repo) | H99: 4 | I99: 46227 | J99: 46231 | K99: 46224 | L99: 46224 | M99: 1115722080000 | N99: 1116256320000 | O99: -534240000 | P99: -534.24 | Q99: -0.043693139 | R99: am | S99: Vay tien | U99: 4.45 | V99: 4.45 | W99: 0 | X99: AFS-DCM | Y99: AFS-DCM
A100: 50210 | B100: 50211 | C100: TD2131012 | D100: CK_TCBS | E100: 2.2 | F100: 100 | G100: Sell (repo) | H100: 4 | I100: 46227 | J100: 46231 | K100: 46224 | L100: 46224 | M100: 93511000000 | N100: 92735000000 | O100: 776000000 | P100: 776 | Q100: 0.75723712 | R100: duong | S100: Cho vay bond | U100: 4.1 | V100: 4.3155 | W100: 21.55 | X100: AFS-DCM | Y100: AFS-DCM
A101: 50216 | B101: 50213 | C101: TD1747409 | D101: QLQ_BAOVIE | E101: 7.9 | F101: 200 | G101: Buy (reverse repo) | H101: 160 | I101: 46386 | J101: 46226 | K101: 46224 | L101: 46224 | M101: 292846000000 | N101: 287924000000 | O101: 4922000000 | P101: 4922 | Q101: 0.038997487 | R101: duong | S101: Cho vay tien | T101: Co | U101: 4.83295 | V101: 4.8 | W101: -3.295 | X101: AFS-DCM | Y101: AFS-DCM
A102: 50217 | B102: 50213 | C102: TD1747409 | D102: QLQ_BAOVIE | E102: 7.9 | F102: 662 | G102: Buy (reverse repo) | H102: 160 | I102: 46386 | J102: 46226 | K102: 46224 | L102: 46224 | M102: 969320260000 | N102: 953028440000 | O102: 16291820000 | P102: 16291.82 | Q102: 0.038997487 | R102: duong | S102: Cho vay tien | U102: 4.83295 | V102: 4.8 | W102: -3.295 | X102: AFS-DCM | Y102: AFS-DCM
A103: 50217 | B103: 50212 | C103: TD1747409 | D103: QLQ_BAOVIE | E103: 7.9 | F103: 200 | G103: Buy (reverse repo) | H103: 160 | I103: 46386 | J103: 46226 | K103: 46224 | L103: 46224 | M103: 292846000000 | N103: 287924000000 | O103: 4922000000 | P103: 4922 | Q103: 0.038997487 | R103: duong | S103: Cho vay tien | T103: Co | U103: 4.83295 | V103: 4.8 | W103: -3.295 | X103: AFS-DCM | Y103: AFS-DCM
A104: 50218 | B104: 50215 | C104: TD2252132 | D104: QLQ_BAOVIE | E104: 2.9 | F104: 100 | G104: Buy (reverse repo) | H104: 160 | I104: 46386 | J104: 46226 | K104: 46224 | L104: 46224 | M104: 74344000000 | N104: 73094000000 | O104: 1250000000 | P104: 1250 | Q104: 0.039012265 | R104: duong | S104: Cho vay tien | T104: Co | U104: 4.8953 | V104: 4.87 | W104: -2.53 | X104: AFS-DCM | Y104: AFS-DCM
A105: 50218 | B105: 50214 | C105: TD2252132 | D105: QLQ_BAOVIE | E105: 2.9 | F105: 237 | G105: Buy (reverse repo) | H105: 160 | I105: 46386 | J105: 46226 | K105: 46224 | L105: 46224 | M105: 176195280000 | N105: 173232780000 | O105: 2962500000 | P105: 2962.5 | Q105: 0.039012265 | R105: duong | S105: Cho vay tien | U105: 4.8953 | V105: 4.87 | W105: -2.53 | X105: AFS-DCM | Y105: AFS-DCM
A106: 50219 | B106: 50214 | C106: TD2252132 | D106: QLQ_BAOVIE | E106: 2.9 | F106: 100 | G106: Buy (reverse repo) | H106: 160 | I106: 46386 | J106: 46226 | K106: 46224 | L106: 46224 | M106: 74344000000 | N106: 73094000000 | O106: 1250000000 | P106: 1250 | Q106: 0.039012265 | R106: duong | S106: Cho vay tien | T106: Co | U106: 4.8953 | V106: 4.87 | W106: -2.53 | X106: AFS-DCM | Y106: AFS-DCM
A107: 50220 | B107: 50221 | C107: TD2535023 | D107: CK_VIETIN | E107: 2.9 | F107: 150 | G107: Sell (repo) | H107: 3 | I107: 46230 | J107: 46233 | K107: 46225 | L107: 46225 | M107: 145405500000 | N107: 145423500000 | O107: -18000000 | P107: -18 | Q107: -0.015061328 | R107: am | S107: Vay tien | U107: 3.48 | V107: 3.4821 | W107: 0.21 | X107: AFS-DCM | Y107: AFS-DCM
A108: 50222 | B108: 50223 | C108: TD2353151 | D108: CK_BIDV | E108: 4.2 | F108: 450 | G108: Sell (repo) | H108: 33 | I108: 46239 | J108: 46272 | K108: 46225 | L108: 46225 | M108: 429574500000 | N108: 431001000000 | O108: -1426500000 | P108: -1426.5 | Q108: -0.036729262 | R108: am | S108: Vay tien | U108: 4.6 | V108: 4.605 | W108: 0.5 | X108: AFS-DCM | Y108: AFS-DCM
A109: 50224 | B109: 50225 | C109: TD2353151 | D109: CK_BIDV | E109: 4.2 | F109: 200 | G109: Sell (repo) | H109: 33 | I109: 46239 | J109: 46272 | K109: 46225 | L109: 46225 | M109: 190922000000 | N109: 191514000000 | O109: -592000000 | P109: -592 | Q109: -0.034296094 | R109: am | S109: Vay tien | U109: 4.6 | V109: 4.6064 | W109: 0.64 | X109: AFS-DCM | Y109: AFS-DCM
A110: 50226 | B110: 50227 | C110: TD2353151 | D110: CK_BIDV | E110: 4.2 | F110: 300 | G110: Sell (repo) | H110: 32 | I110: 46241 | J110: 46273 | K110: 46225 | L110: 46225 | M110: 286455000000 | N110: 287364000000 | O110: -909000000 | P110: -909 | Q110: -0.036195148 | R110: am | S110: Vay tien | U110: 4.6 | V110: 4.6051 | W110: 0.51 | X110: AFS-DCM | Y110: AFS-DCM
A111: 50228 | B111: 50229 | C111: TD2353151 | D111: CK_BIDV | E111: 4.2 | F111: 350 | G111: Sell (repo) | H111: 32 | I111: 46241 | J111: 46273 | K111: 46225 | L111: 46225 | M111: 334197500000 | N111: 335247500000 | O111: -1050000000 | P111: -1050 | Q111: -0.035836781 | R111: am | S111: Vay tien | U111: 4.6 | V111: 4.6053 | W111: 0.53 | X111: AFS-DCM | Y111: AFS-DCM
A112: 50236 | B112: 50237 | C112: TD2353151 | D112: CK_APG | E112: 4.2 | F112: 80 | G112: Sell (repo) | H112: 1 | I112: 46230 | J112: 46231 | K112: 46226 | L112: 46226 | M112: 78540000000 | N112: 78512800000 | O112: 27200000 | P112: 27.2 | Q112: 0.12640693 | R112: duong | S112: Cho vay bond | U112: 4.41 | V112: 4.413 | W112: 0.3 | X112: AFS-DCM | Y112: AFS-DCM
A113: 50238 | B113: 50239 | C113: TD1646503 | D113: CK_APG | E113: 7.9 | F113: 50 | G113: Sell (repo) | H113: 1 | I113: 46230 | J113: 46231 | K113: 46226 | L113: 46226 | M113: 78792500000 | N113: 78788500000 | O113: 4000000 | P113: 4 | Q113: 0.018529682 | R113: duong | S113: Cho vay bond | U113: 4.1079 | V113: 4.1093 | W113: 0.14 | X113: AFS-DCM | Y113: AFS-DCM
A114: 50249 | B114: 50247 | C114: TD2040031 | D114: QLQ_BAOVIE | E114: 3.6 | F114: 150 | G114: Buy (reverse repo) | H114: 154 | I114: 46385 | J114: 46231 | K114: 46230 | L114: 46230 | M114: 138720000000 | N114: 136474500000 | O114: 2245500000 | P114: 2245.5 | Q114: 0.038997224 | R114: duong | S114: Cho vay tien | T114: Co | U114: 4.7526 | V114: 4.72 | W114: -3.26 | X114: AFS-DCM | Y114: AFS-DCM
A115: 50249 | B115: 50244 | C115: TD2040031 | D115: QLQ_BAOVIE | E115: 3.6 | F115: 800 | G115: Buy (reverse repo) | H115: 154 | I115: 46385 | J115: 46231 | K115: 46230 | L115: 46230 | M115: 739840000000 | N115: 727864000000 | O115: 11976000000 | P115: 11976 | Q115: 0.038997224 | R115: duong | S115: Cho vay tien | U115: 4.7526 | V115: 4.72 | W115: -3.26 | X115: AFS-DCM | Y115: AFS-DCM
A116: 50250 | B116: 50245 | C116: TD2237118 | D116: QLQ_BAOVIE | E116: 2.3 | F116: 50 | G116: Buy (reverse repo) | H116: 154 | I116: 46385 | J116: 46231 | K116: 46230 | L116: 46230 | M116: 42235500000 | N116: 41552000000 | O116: 683500000 | P116: 683.5 | Q116: 0.038986902 | R116: duong | S116: Cho vay tien | U116: 4.5481 | V116: 4.52 | W116: -2.81 | X116: AFS-DCM | Y116: AFS-DCM
...

Sheet Chan le
A1: Deal id | B1: Loai | C1: Ma TP | D1: Doi tac | E1: Coupon (%) | F1: Quantity | G1: FaceValue | H1: Gross da chuan hoa (VND) | I1: Gross goc la CHU? | J1: Settlement | K1: CaptureDate | L1: Folder | M1: Yield
A2: 49972 | B2: S | C2: TD2434024 | D2: CK_VFS | E2: 2.7 | F2: 1000000 | G2: 100000 | H2: 100301000000 | J2: 46185 | K2: 46182 | L2: AFS-HUONG | M2: 3
A3: 49973 | B3: B | C3: TD2434024 | D3: CK_VFS | E3: 2.7 | F3: 1000000 | G3: 100000 | H3: 100281000000 | J3: 46188 | K3: 46182 | L3: AFS-HUONG | M3: 3.0064
A4: 49993 | B4: B | C4: TD2353151 | D4: CK_LPBS | E4: 4.2 | F4: 700000 | G4: 100000 | H4: 72888900000 | J4: 46188 | K4: 46184 | L4: AFS-DCM | M4: 4.0045
A5: 50204 | B5: S | C5: TD2454043 | D5: CK_SGHN | E5: 2.8 | F5: 2250000 | G5: 100000 | H5: 171364500000 | J5: 46225 | K5: 46223 | L5: AFS-DCM | M5: 4.4007
A6: 50205 | B6: B | C6: TD2454043 | D6: CK_SGHN | E6: 2.8 | F6: 2250000 | G6: 100000 | H6: 171333000000 | J6: 46226 | K6: 46223 | L6: AFS-DCM | M6: 4.4025
A7: 50206 | B7: S | C7: TD2353151 | D7: CK_SGHN | E7: 4.2 | F7: 320000 | G7: 100000 | H7: 33477440000 | J7: 46225 | K7: 46223 | L7: AFS-DCM | M7: 4
A8: 50207 | B8: B | C8: TD2353151 | D8: CK_SGHN | E8: 4.2 | F8: 320000 | G8: 100000 | H8: 33467840000 | J8: 46226 | K8: 46223 | L8: AFS-DCM | M8: 4.0025
A9: 50222 | B9: S | C9: TD2353151 | D9: CK_BIDV | E9: 4.2 | F9: 4500000 | G9: 100000 | H9: 429574500000 | J9: 46239 | K9: 46225 | L9: AFS-DCM | M9: 4.6
A10: 50223 | B10: B | C10: TD2353151 | D10: CK_BIDV | E10: 4.2 | F10: 4500000 | G10: 100000 | H10: 431001000000 | J10: 46272 | K10: 46225 | L10: AFS-DCM | M10: 4.605
A11: 50224 | B11: S | C11: TD2353151 | D11: CK_BIDV | E11: 4.2 | F11: 2000000 | G11: 100000 | H11: 190922000000 | J11: 46239 | K11: 46225 | L11: AFS-DCM | M11: 4.6
A12: 50225 | B12: B | C12: TD2353151 | D12: CK_BIDV | E12: 4.2 | F12: 2000000 | G12: 100000 | H12: 191514000000 | J12: 46272 | K12: 46225 | L12: AFS-DCM | M12: 4.6064
A13: 50226 | B13: S | C13: TD2353151 | D13: CK_BIDV | E13: 4.2 | F13: 3000000 | G13: 100000 | H13: 286455000000 | J13: 46241 | K13: 46225 | L13: AFS-DCM | M13: 4.6
... A34: 50218 | B34: S | C34: TD2252132 | D34: QLQ_BAOVIE | E34: 2.9 | F34: 3370000 | G34: 100000 | H34: 250539280000 | J34: 46386 | K34: 46224 | L34: AFS-DCM | M34: 4.8953
A35: 50217 | B35: S | C35: TD1747409 | D35: QLQ_BAOVIE | E35: 7.9 | F35: 8620000 | G35: 100000 | H35: 1262166260000 | I35: CHU (x1000) | J35: 46386 | K35: 46224 | L35: AFS-DCM | M35: 4.83295
A36: 50216 | B36: S | C36: TD1747409 | D36: QLQ_BAOVIE | E36: 7.9 | F36: 2000000 | G36: 100000 | H36: 292846000000 | J36: 46386 | K36: 46224 | L36: AFS-DCM | M36: 4.83295
A37: 50215 | B37: B | C37: TD2252132 | D37: QLQ_BAOVIE | E37: 2.9 | F37: 1000000 | G37: 100000 | H37: 73094000000 | J37: 46226 | K37: 46224 | L37: AFS-DCM | M37: 4.87
A38: 50214 | B38: B | C38: TD2252132 | D38: QLQ_BAOVIE | E38: 2.9 | F38: 3370000 | G38: 100000 | H38: 246326780000 | J38: 46226 | K38: 46224 | L38: AFS-DCM | M38: 4.87
A39: 50213 | B39: B | C39: TD1747409 | D39: QLQ_BAOVIE | E39: 7.9 | F39: 8620000 | G39: 100000 | H39: 1240952440000 | I39: CHU (x1000) | J39: 46226 | K39: 46224 | L39: AFS-DCM | M39: 4.8
A40: 50212 | B40: B | C40: TD1747409 | D40: QLQ_BAOVIE | E40: 7.9 | F40: 2000000 | G40: 100000 | H40: 287924000000 | J40: 46226 | K40: 46224 | L40: AFS-DCM | M40: 4.8
A41: 50211 | B41: B | C41: TD2131012 | D41: CK_TCBS | E41: 2.2 | F41: 1000000 | G41: 100000 | H41: 92735000000 | J41: 46231 | K41: 46224 | L41: AFS-DCM | M41: 4.3155
A42: 50210 | B42: S | C42: TD2131012 | D42: CK_TCBS | E42: 2.2 | F42: 1000000 | G42: 100000 | H42: 93511000000 | J42: 46227 | K42: 46224 | L42: AFS-DCM | M42: 4.1
A43: 50209 | B43: B | C43: TL1535300 | D43: CK_TCBS | E43: 7.75 | F43: 8480000 | G43: 100000 | H43: 1116256320000 | I43: CHU (x1000) | J43: 46231 | K43: 46224 | L43: AFS-DCM | M43: 4.45
A44: 50208 | B44: S | C44: TL1535300 | D44: CK_TCBS | E44: 7.75 | F44: 8480000 | G44: 100000 | H44: 1115722080000 | I44: CHU (x1000) | J44: 46227 | K44: 46224 | L44: AFS-DCM | M44: 4.45
A45: 50203 | B45: S | C45: TL1545363 | D45: QLQ_BAOVIE | E45: 8 | F45: 8200000 | G45: 100000 | H45: 1202571000000 | I45: CHU (x1000) | J45: 46378 | K45: 46223 | L45: AFS-DCM | M45: 4.8326
A46: 50301 | B46: S | C46: TD1646468 | D46: CK_THIENVI | E46: 8 | F46: 335000 | G46: 100000 | H46: 50269765000 | J46: 46244 | K46: 46239 | L46: AFS-DCM | M46: 4.4349
A47: 50302 | B47: B | C47: TD1646468 | D47: CK_THIENVI | E47: 8 | F47: 335000 | G47: 100000 | H47: 50260050000 | J47: 46245 | K47: 46239 | L47: AFS-DCM | M47: 4.4377
A48: 50303 | B48: S | C48: TD2434022 | D48: CK_AGRIBAN | E48: 2.7 | F48: 1000000 | G48: 100000 | H48: 98924000000 | J48: 46245 | K48: 46239 | L48: AFS-DCM | M48: 2.91
A49: 50304 | B49: B | C49: TD2434022 | D49: CK_AGRIBAN | E49: 2.7 | F49: 1000000 | G49: 100000 | H49: 98927000000 | J49: 46259 | K49: 46239 | L49: AFS-DCM | M49: 2.9254
A50: 50305 | B50: S | C50: TD1631461 | D50: CK_AGRIBAN | E50: 7.6 | F50: 850000 | G50: 100000 | H50: 101669350000 | J50: 46244 | K50: 46239 | L50: AFS-DCM | M50: 3.8001
A51: 50306 | B51: S | C51: TD1631461 | D51: CK_AGRIBAN | E51: 7.6 | F51: 450000 | G51: 100000 | H51: 53824950000 | J51: 46244 | K51: 46239 | L51: AFS-DCM | M51: 3.8001
A52: 50307 | B52: B | C52: TD1631461 | D52: CK_AGRIBAN | E52: 7.6 | F52: 850000 | G52: 100000 | H52: 101671900000 | J52: 46245 | K52: 46239 | L52: AFS-DCM | M52: 3.8022
A53: 50308 | B53: S | C53: TD2535023 | D53: CK_BIDV | E53: 2.9 | F53: 1600000 | G53: 100000 | H53: 152331200000 | J53: 46248 | K53: 46239 | L53: AFS-DCM | M53: 3.75
A54: 50309 | B54: B | C54: TD2535023 | D54: CK_BIDV | E54: 2.9 | F54: 1600000 | G54: 100000 | H54: 152481600000 | J54: 46260 | K54: 46239 | L54: AFS-DCM | M54: 3.7531
A55: 50202 | B55: S | C55: TL1545363 | D55: QLQ_BAOVIE | E55: 8 | F55: 8000000 | G55: 100000 | H55: 1173240000000 | I55: CHU (x1000) | J55: 46378 | K55: 46223 | L55: AFS-DCM | M55: 4.8326
A56: 50201 | B56: B | C56: TL1545363 | D56: QLQ_BAOVIE | E56: 8 | F56: 8200000 | G56: 100000 | H56: 1183227200000 | I56: CHU (x1000) | J56: 46225 | K56: 46223 | L56: AFS-DCM | M56: 4.8
A57: 50200 | B57: B | C57: TL1545363 | D57: QLQ_BAOVIE | E57: 8 | F57: 8000000 | G57: 100000 | H57: 1154368000000 | I57: CHU (x1000) | J57: 46225 | K57: 46223 | L57: AFS-DCM | M57: 4.8
A58: 50199 | B58: B | C58: TD2252132 | D58: CK_VFS | E58: 2.9 | F58: 620000 | G58: 100000 | H58: 48043800000 | J58: 46225 | K58: 46220 | L58: AFS-DCM | M58: 4.5025
A59: 50198 | B59: S | C59: TD2252132 | D59: CK_VFS | E59: 2.9 | F59: 620000 | G59: 100000 | H59: 48053720000 | J59: 46224 | K59: 46220 | L59: AFS-DCM | M59: 4.5005
A60: 50194 | B60: B | C60: TD2434021 | D60: CK_SSI | E60: 2.4 | F60: 1000000 | G60: 100000 | H60: 95030000000 | J60: 46232 | K60: 46217 | L60: AFS-DCM | M60: 3.2452
A61: 50193 | B61: S | C61: TD2434021 | D61: CK_SSI | E61: 2.4 | F61: 1000000 | G61: 100000 | H61: 94825000000 | J61: 46219 | K61: 46217 | L61: AFS-DCM | M61: 3.2601
A62: 50192 | B62: B | C62: TD2333121 | D62: CK_SSI | E62: 2.3 | F62: 3000000 | G62: 100000 | H62: 291777000000 | J62: 46232 | K62: 46217 | L62: AFS-DCM | M62: 3.05
A63: 50191 | B63: S | C63: TD2333121 | D63: CK_SSI | E63: 2.3 | F63: 3000000 | G63: 100000 | H63: 291465000000 | J63: 46219 | K63: 46217 | L63: AFS-DCM | M63: 3.05
A64: 50321 | B64: B | C64: TD1631461 | D64: CK_AGRIBAN | E64: 7.6 | F64: 450000 | G64: 100000 | H64: 53826300000 | J64: 46245 | K64: 46240 | L64: AFS-DCM | M64: 3.8022
A65: 50322 | B65: S | C65: TD2434024 | D65: CK_VIETIN | E65: 2.7 | F65: 2000000 | G65: 100000 | H65: 195732000000 | J65: 46252 | K65: 46240 | L65: AFS-DCM | M65: 3.04
A66: 50323 | B66: B | C66: TD2434024 | D66: CK_VIETIN | E66: 2.7 | F66: 2000000 | G66: 100000 | H66: 195770000000 | J66: 46255 | K66: 46240 | L66: AFS-DCM | M66: 3.0407
A67: 50324 | B67: S | C67: TD2434026 | D67: CK_VIETIN | E67: 2.6 | F67: 1340000 | G67: 100000 | H67: 132832860000 | J67: 46252 | K67: 46240 | L67: AFS-DCM | M67: 3.05
A68: 50325 | B68: B | C68: TD2434026 | D68: CK_VIETIN | E68: 2.6 | F68: 1340000 | G68: 100000 | H68: 132848940000 | J68: 46255 | K68: 46240 | L68: AFS-DCM | M68: 3.0518
A69: 50190 | B69: B | C69: TD2232114 | D69: CK_SSI | E69: 4.8 | F69: 2000000 | G69: 100000 | H69: 228622000000 | J69: 46232 | K69: 46217 | L69: AFS-DCM | M69: 2.8399
... A73: 50330 | B73: B | C73: TL1535300 | D73: QLQ_BAOVIE | E73: 7.75 | F73: 2000000 | G73: 100000 | H73: 246928000000 | J73: 46247 | K73: 46245 | L73: AFS-DCM | M73: 4.53
A74: 50331 | B74: B | C74: TL1535300 | D74: QLQ_BAOVIE | E74: 7.75 | F74: 10000000 | G74: 100000 | H74: 1234640000000 | I74: CHU (x1000) | J74: 46247 | K74: 46245 | L74: AFS-DCM | M74: 4.53
A75: 50332 | B75: B | C75: TD2136028 | D75: QLQ_BAOVIE | E75: 2.3 | F75: 500000 | G75: 100000 | H75: 41195500000 | J75: 46247 | K75: 46245 | L75: AFS-DCM | M75: 4.53
A76: 50333 | B76: S | C76: TD2136028 | D76: QLQ_BAOVIE | E76: 2.3 | F76: 500000 | G76: 100000 | H76: 43770500000 | J76: 46598 | K76: 46245 | L76: AFS-DCM | M76: 4.2937
A77: 50334 | B77: S | C77: TL1535300 | D77: QLQ_BAOVIE | E77: 7.75 | F77: 2000000 | G77: 100000 | H77: 262362000000 | J77: 46598 | K77: 46245 | L77: AFS-DCM | M77: 4.2203
A78: 50335 | B78: S | C78: TL1535300 | D78: QLQ_BAOVIE | E78: 7.75 | F78: 10000000 | G78: 100000 | H78: 1311810000000 | I78: CHU (x1000) | J78: 46598 | K78: 46245 | L78: AFS-DCM | M78: 4.2203
A79: 50187 | B79: B | C79: TD2353151 | D79: CAP_FIG | E79: 4.2 | F79: 480000 | G79: 100000 | H79: 51005760000 | J79: 46225 | K79: 46216 | L79: AFS-DCM | M79: 3.9019
A80: 50186 | B80: S | C80: TD2353151 | D80: CAP_FIG | E80: 4.2 | F80: 480000 | G80: 100000 | H80: 51015840000 | J80: 46224 | K80: 46216 | L80: AFS-DCM | M80: 3.9
A81: 50173 | B81: S | C81: TL1545363 | D81: QLQ_BAOVIE | E81: 8 | F81: 8800000 | G81: 100000 | H81: 1297313600000 | I81: CHU (x1000) | J81: 46378 | K81: 46212 | L81: AFS-DCM | M81: 4.7831443
A82: 50172 | B82: S | C82: TL1545363 | D82: QLQ_BAOVIE | E82: 8 | F82: 5000000 | G82: 100000 | H82: 737110000000 | J82: 46378 | K82: 46212 | L82: AFS-DCM | M82: 4.7831443
A83: 50171 | B83: B | C83: TL1545363 | D83: QLQ_BAOVIE | E83: 8 | F83: 8800000 | G83: 100000 | H83: 1274838400000 | I83: CHU (x1000) | J83: 46213 | K83: 46212 | L83: AFS-DCM | M83: 4.75
A84: 50170 | B84: B | C84: TL1545363 | D84: QLQ_BAOVIE | E84: 8 | F84: 5000000 | G84: 100000 | H84: 724340000000 | J84: 46213 | K84: 46212 | L84: AFS-DCM | M84: 4.75
A85: 50169 | B85: B | C85: TD2353151 | D85: CK_SSI | E85: 4.2 | F85: 800000 | G85: 100000 | H85: 86483200000 | J85: 46220 | K85: 46210 | L85: AFS-DCM | M85: 3.7913
A86: 50168 | B86: S | C86: TD2353151 | D86: CK_SSI | E86: 4.2 | F86: 800000 | G86: 100000 | H86: 86292000000 | J86: 46212 | K86: 46210 | L86: AFS-DCM | M86: 3.8
A87: 50167 | B87: B | C87: TD2040031 | D87: CK_SSI | E87: 3.6 | F87: 7000000 | G87: 100000 | H87: 666127000000 | J87: 46220 | K87: 46210 | L87: AFS-DCM | M87: 4.262
A88: 50166 | B88: S | C88: TD2040031 | D88: CK_SSI | E88: 3.6 | F88: 7000000 | G88: 100000 | H88: 665791000000 | J88: 46212 | K88: 46210 | L88: AFS-DCM | M88: 4.258
A89: 50165 | B89: B | C89: TD2535028 | D89: CK_BIDV | E89: 3.3 | F89: 110000 | G89: 100000 | H89: 11199210000 | J89: 46227 | K89: 46204 | L89: AFS-DCM | M89: 3.478
A90: 50164 | B90: S | C90: TD2535028 | D90: CK_BIDV | E90: 3.3 | F90: 110000 | G90: 100000 | H90: 11175560000 | J90: 46206 | K90: 46204 | L90: AFS-DCM | M90: 3.48
A91: 50163 | B91: B | C91: TD2338137 | D91: CK_BIDV | E91: 2.6 | F91: 500000 | G91: 100000 | H91: 49062000000 | J91: 46227 | K91: 46204 | L91: AFS-DCM | M91: 2.98
A92: 50162 | B92: S | C92: TD2338137 | D92: CK_BIDV | E92: 2.6 | F92: 500000 | G92: 100000 | H92: 48979000000 | J92: 46206 | K92: 46204 | L92: AFS-DCM | M92: 2.98
A93: 50161 | B93: B | C93: TD2535023 | D93: CK_BIDV | E93: 2.9 | F93: 1500000 | G93: 100000 | H93: 145062000000 | J93: 46227 | K93: 46204 | L93: AFS-DCM | M93: 3.5082
A94: 50160 | B94: S | C94: TD2535023 | D94: CK_BIDV | E94: 2.9 | F94: 1500000 | G94: 100000 | H94: 144756000000 | J94: 46206 | K94: 46204 | L94: AFS-DCM | M94: 3.51
A95: 50159 | B95: B | C95: TD2353151 | D95: CAP_FIG | E95: 4.2 | F95: 1600000 | G95: 100000 | H95: 151979200000 | J95: 46211 | K95: 46202 | L95: AFS-DCM | M95: 4.61
... A195: 50053 | B195: B | C195: TD2050036 | D195: QLQ_BAOVIE | E195: 3.2 | F195: 5200000 | G195: 100000 | H195: 413150400000 | J195: 46190 | K195: 46189 | L195: AFS-DCM | M195: 4.8
A196: 50052 | B196: S | C196: TL1535300 | D196: QLQ_BAOVIE | E196: 7.75 | F196: 8480000 | G196: 100000 | H196: 1115925600000 | I196: CHU (x1000) | J196: 46232 | K196: 46189 | L196: AFS-DCM | M196: 4.4565
A197: 50051 | B197: B | C197: TL1535300 | D197: QLQ_BAOVIE | E197: 7.75 | F197: 8480000 | G197: 100000 | H197: 1110812160000 | I197: CHU (x1000) | J197: 46190 | K197: 46189 | L197: AFS-DCM | M197: 4.45
A198: 50050 | B198: B | C198: TD1646503 | D198: CK_VIETIN | E198: 7.9 | F198: 1650000 | G198: 100000 | H198: 262508400000 | J198: 46205 | K198: 46188 | L198: AFS-DCM | M198: 4.0019
A199: 50049 | B199: S | C199: TD1646503 | D199: CK_VIETIN | E199: 7.9 | F199: 1650000 | G199: 100000 | H199: 262449000000 | J199: 46202 | K199: 46188 | L199: AFS-DCM | M199: 4.0011
A200: 50048 | B200: B | C200: TD2535028 | D200: CK_OCBS | E200: 3.3 | F200: 110000 | G200: 100000 | H200: 11159170000 | J200: 46191 | K200: 46188 | L200: AFS-DCM | M200: 3.4808
A201: 50047 | B201: S | C201: TD2535028 | D201: CK_OCBS | E201: 3.3 | F201: 110000 | G201: 100000 | H201: 11158730000 | J201: 46190 | K201: 46188 | L201: AFS-DCM | M201: 3.48
A202: 50046 | B202: B | C202: TD2434026 | D202: CK_OCBS | E202: 2.6 | F202: 1500000 | G202: 100000 | H202: 147996000000 | J202: 46191 | K202: 46188 | L202: AFS-HUONG | M202: 3.0456
A203: 50045 | B203: S | C203: TD2434026 | D203: CK_OCBS | E203: 2.6 | F203: 1500000 | G203: 100000 | H203: 148042500000 | J203: 46190 | K203: 46188 | L203: AFS-HUONG | M203: 3.04
A204: 50044 | B204: B | C204: TD2535024 | D204: CK_OCBS | E204: 2.9 | F204: 500000 | G204: 100000 | H204: 48482000000 | J204: 46191 | K204: 46188 | L204: AFS-HUONG | M204: 3.41
A205: 50043 | B205: S | C205: TD2535024 | D205: CK_OCBS | E205: 2.9 | F205: 500000 | G205: 100000 | H205: 48477500000 | J205: 46190 | K205: 46188 | L205: AFS-HUONG | M205: 3.41
A206: 50042 | B206: B | C206: TL1545363 | D206: CK_HDB | E206: 8 | F206: 580000 | G206: 100000 | H206: 91225880000 | J206: 46203 | K206: 46188 | L206: AFS-DCM | M206: 4.0069
A207: 50041 | B207: S | C207: TL1545363 | D207: CK_HDB | E207: 8 | F207: 580000 | G207: 100000 | H207: 91263000000 | J207: 46195 | K207: 46188 | L207: AFS-DCM | M207: 3.9958
A208: 50040 | B208: B | C208: TD1631461 | D208: CK_HDB | E208: 7.6 | F208: 3660000 | G208: 100000 | H208: 439210980000 | J208: 46203 | K208: 46188 | L208: AFS-DCM | M208: 3.6028
A209: 50039 | B209: S | C209: TD1631461 | D209: CK_HDB | E209: 7.6 | F209: 3660000 | G209: 100000 | H209: 439251240000 | J209: 46195 | K209: 46188 | L209: AFS-DCM | M209: 3.58
... A225: 50012 | B225: S | C225: TD2131012 | D225: CK_SSI | E225: 2.2 | F225: 500000 | G225: 100000 | H225: 46565500000 | J225: 46190 | K225: 46185 | L225: AFS-DCM | M225: 4.1
A226: 50011 | B226: S | C226: TD2237126 | D226: QLQ_BAOVIE | E226: 4.9 | F226: 9640000 | G226: 100000 | H226: 1027672200000 | I226: CHU (x1000) | J226: 46330 | K226: 46185 | L226: AFS-DCM | M226: 4.6776
A227: 50010 | B227: S | C227: TD2237126 | D227: QLQ_BAOVIE | E227: 4.9 | F227: 9000000 | G227: 100000 | H227: 959445000000 | J227: 46330 | K227: 46185 | L227: AFS-DCM | M227: 4.6776
A228: 50009 | B228: B | C228: TD2237126 | D228: QLQ_BAOVIE | E228: 4.9 | F228: 9640000 | G228: 100000 | H228: 1012036120000 | I228: CHU (x1000) | J228: 46189 | K228: 46185 | L228: AFS-DCM | M228: 4.65
A229: 50008 | B229: B | C229: TD2237126 | D229: QLQ_BAOVIE | E229: 4.9 | F229: 9000000 | G229: 100000 | H229: 944847000000 | J229: 46189 | K229: 46185 | L229: AFS-DCM | M229: 4.65
A230: 50007 | B230: B | C230: TD1646503 | D230: CK_VIETIN | E230: 7.9 | F230: 1650000 | G230: 100000 | H230: 262363200000 | J230: 46199 | K230: 46185 | L230: AFS-DCM | M230: 4.0011
A231: 50006 | B231: S | C231: TD1646503 | D231: CK_VIETIN | E231: 7.9 | F231: 1650000 | G231: 100000 | H231: 262312050000 | J231: 46196 | K231: 46185 | L231: AFS-DCM | M231: 4
A232: 50005 | B232: B | C232: TD2535024 | D232: CK_VNDIREC | E232: 2.9 | F232: 500000 | G232: 100000 | H232: 48473000000 | J232: 46189 | K232: 46185 | L232: AFS-HUONG | M232: 3.41
A233: 50004 | B233: S | C233: TD2535024 | D233: CK_VNDIREC | E233: 2.9 | F233: 500000 | G233: 100000 | H233: 48468500000 | J233: 46188 | K233: 46185 | L233: AFS-HUY | M233: 3.41
A234: 50003 | B234: B | C234: TD2535023 | D234: CK_VNDIREC | E234: 2.9 | F234: 1500000 | G234: 100000 | H234: 144631500000 | J234: 46189 | K234: 46185 | L234: AFS-DCM | M234: 3.5
A235: 50002 | B235: S | C235: TD2535023 | D235: CK_VNDIREC | E235: 2.9 | F235: 1500000 | G235: 100000 | H235: 144618000000 | J235: 46188 | K235: 46185 | L235: AFS-DCM | M235: 3.5
A236: 50001 | B236: B | C236: TD2434026 | D236: CK_VNDIREC | E236: 2.6 | F236: 1500000 | G236: 100000 | H236: 148038000000 | J236: 46189 | K236: 46185 | L236: AFS-HUONG | M236: 3.0393
A237: 50000 | B237: S | C237: TD2434026 | D237: CK_VNDIREC | E237: 2.6 | F237: 1500000 | G237: 100000 | H237: 148125000000 | J237: 46188 | K237: 46185 | L237: AFS-HUONG | M237: 3.03
...

Sheet Doi chieu
A1: Noi dung | B1: Cong thuc tinh song | C1: Phai ra
A2: A. TONG QUAT
A3: So cap da ghep | B3: =COUNTA('Cap deal'!A2:A199) | C3: 198
A4: So chan le nguon (sau loc folder) | B4: =COUNTA('Chan le'!A2:A375) | C4: 374
A6: B. KHOI LUONG PHAI OFFSET HET
A7: Sum Quantity chan S | B7: =SUMIF('Chan le'!B2:B375,"S",'Chan le'!F2:F375) | C7: 353.844.000
A8: Sum Quantity chan B | B8: =SUMIF('Chan le'!B2:B375,"B",'Chan le'!F2:F375) | C8: phai BANG dong tren
A9: Lech | B9: =B6-B7 | C9: 0
A11: C. LAI/LO - TIE HAI CHIEU
A12: Tu CHAN LE: Sum Gross(S) - Sum Gross(B) | B12: =SUMIF('Chan le'!B2:B375,"S",'Chan le'!H2:H375)-SUMIF('Chan le'!B2:B375,"B",'Chan le'!H2:H375) | C12: 263.574.510.000
A13: Tu CAP DEAL: Sum cot Lai/lo (VND) | B13: =SUM('Cap deal'!O2:O199) | C13: phai BANG dong tren
A14: Lech | B14: =B11-B12 | C14: 0 <- khac 0 la co van de
A16: D. MENH GIA
A17: Tu CHAN LE: Sum Quantity(S) x FaceValue / 1e9 | B17: =SUMIF('Chan le'!B2:B375,"S",'Chan le'!F2:F375)*100000/1000000000 | C17: 35.384,4 ty
A18: Tu CAP DEAL: Sum cot Menh gia | B18: =SUM('Cap deal'!F2:F199) | C18: phai BANG dong tren
A19: Lech | B19: =B16-B17 | C19: 0
A21: E. PHAN BO 4 NHOM (so cap)
A22: Vay tien | B22: =COUNTIF('Cap deal'!S2:S199,"Vay tien") | C22: 102
A23: Cho vay bond | B23: =COUNTIF('Cap deal'!S2:S199,"Cho vay bond") | C23: 59
A24: Cho vay tien | B24: =COUNTIF('Cap deal'!S2:S199,"Cho vay tien") | C24: 37
A25: Vay bond | B25: =COUNTIF('Cap deal'!S2:S199,"Vay bond") | C25: 0
A26: Tong | B26: =SUM(B21:B24) | C26: 198
A28: F. KIEM TRA LOGIC PHAN LOAI (dem dong SAI, phai = 0)
A29: Sell truoc + am ma KHONG phai "Vay tien" | B29: =SUMPRODUCT(('Cap deal'!G2:G199="Sell (repo)")*('Cap deal'!O2:O199<0)*('Cap deal'!S2:S199<>"Vay tien")) | C29: 0
A30: Sell truoc + duong ma KHONG phai "Cho vay bond" | B30: =SUMPRODUCT(('Cap deal'!G2:G199="Sell (repo)")*('Cap deal'!O2:O199>0)*('Cap deal'!S2:S199<>"Cho vay bond")) | C30: 0
A31: Buy truoc + duong ma KHONG phai "Cho vay tien" | B31: =SUMPRODUCT(('Cap deal'!G2:G199="Buy (reverse repo)")*('Cap deal'!O2:O199>0)*('Cap deal'!S2:S199<>"Cho vay tien")) | C31: 0
A32: Buy truoc + am ma KHONG phai "Vay bond" | B32: =SUMPRODUCT(('Cap deal'!G2:G199="Buy (reverse repo)")*('Cap deal'!O2:O199<0)*('Cap deal'!S2:S199<>"Vay bond")) | C32: 0
A34: G. KY HAN = KHOANG CACH 2 SETTLEMENT (dem dong SAI, phai = 0)
A35: So dong lech | B35: =SUMPRODUCT((ABS('Cap deal'!J2:J199-'Cap deal'!I2:I199)<>'Cap deal'!H2:H199)*1) | C35: 0
